{"NO_colour:*+NO_y-dimension:*": -0.009114348035117159, "size:*+NO_x-dimension:*": 0.025529408910501532, "orientation:*+size:*": -0.03397227603025445, "orientation:*": -0.04107029583351559, "size:*+NO_orientation:*": -0.0014487677018409396, "NO_size:*+NO_y-dimension:*": -0.009806854481043936, "NO_type:*+NO_orientation:*": -0.03259739779003439, "NO_orientation:*+NO_x-dimension:*": -0.0004121736467596771, "y-dimension:*+size:*": -0.024967686514818177, "x-dimension:*+NO_colour:*": 0.00914574777630322, "y-dimension:*+orientation:*": -0.024967686514818177, "#:2": -0.08862408359509441, "#:3": -0.06589782963065982, "#:0": 0.084518441651991, "NO_type:*+NO_y-dimension:*": -0.0060550602082686065, "#:6": 0.14534212033841173, "#:4": -0.07900877940728782, "#:5": 0.017932814440199226, "type:*+orientation:*": -0.0006684052409148035, "colour:*": 0.11024904709164196, "NO_colour:*+NO_orientation:*": -0.024342992909242626, "orientation:*+y-dimension:*": -0.032880056454056714, "y-dimension:*+NO_size:*": -0.03261646861639139, "y-dimension:*+NO_type:*": -0.041976541659548255, "NO_x-dimension:*+NO_orientation:*": 0.04414279964157604, "y-dimension:*": 0.24128919576127683, "size:*+NO_colour:*": -0.00020707790416465104, "orientation:*+NO_y-dimension:*": 0.016777447135359308, "size:*+orientation:*": -0.0066740748224600275, "NO_colour:*+NO_x-dimension:*": -0.03419514915587711, "x-dimension:*+type:*": -0.024967686514818177, "NO_orientation:*+NO_y-dimension:*": -0.0011468507552937104, "y-dimension:*+colour:*": -0.024967686514818177, "orientation:*+NO_x-dimension:*": 0.01620678806344846, "NO_size:*+NO_orientation:*": 0.05080975345940158, "x-dimension:*": 0.024591348041912178, "orientation:*+NO_type:*": -0.015434204077782598, "type:*+NO_y-dimension:*": 0.021685656588334046, "size:*+NO_type:*": -0.025456947227889437, "colour:*+y-dimension:*": -0.059246298172781424, "type:*+NO_colour:*": 0.00793527718319233, "NO_x-dimension:*+NO_y-dimension:*": 0.015686746198492516, "orientation:*+NO_colour:*": -0.0007064084703312205, "x-dimension:*+NO_y-dimension:*": -5.614981842693104e-05, "NO_type:*+NO_x-dimension:*": -0.04071012793630114, "NO_type:*+NO_size:*": -0.0225746546399276, "NO_size:*+NO_x-dimension:*": 0.034408005147763286, "y-dimension:*+NO_colour:*": -0.015935053344456725, "colour:*+orientation:*": -0.01539620084836623, "size:*+type:*": -0.024967686514818177, "NO_orientation:*+NO_size:*": -0.008290689924044985, "type:*+NO_x-dimension:*": 0.01612910034257523, "x-dimension:*+colour:*": -0.024967686514818177, "x-dimension:*+y-dimension:*": -0.03491357772501964, "x-dimension:*+orientation:*": -0.024289159224711192, "NO_y-dimension:*+NO_x-dimension:*": 0.084518441651991, "size:*+colour:*": -0.024967686514818177, "NO_y-dimension:*+NO_size:*": 0.084518441651991, "NO_orientation:*+NO_colour:*": 0.084518441651991, "x-dimension:*+NO_size:*": 0.007687113406792312, "type:*+NO_size:*": -0.01984866845750772, "type:*+x-dimension:*": -0.027648253611930934, "NO_size:*+NO_type:*": 0.084518441651991, "type:*": -0.036486839784173865, "type:*+NO_orientation:*": -0.010850748028440809, "NO_size:*+NO_colour:*": 0.084518441651991, "y-dimension:*+type:*": -0.024967686514818177, "colour:*+NO_x-dimension:*": 0.009614121562151204, "orientation:*+NO_size:*": -0.0004239449808010278, "orientation:*+x-dimension:*": -0.0329879246722529, "colour:*+NO_type:*": -0.015046923305050797, "NO_y-dimension:*+NO_type:*": 0.084518441651991, "NO_y-dimension:*+NO_colour:*": 0.084518441651991, "NO_x-dimension:*+NO_type:*": 0.084518441651991, "x-dimension:*+NO_type:*": -0.00732147393151578, "size:*": -0.04209511855455546, "NO_orientation:*+NO_type:*": 0.084518441651991, "y-dimension:*+NO_x-dimension:*": -0.04026777379221824, "size:*+x-dimension:*": -0.06762452746505722, "type:*+size:*": 0.008329515188152123, "NO_colour:*+NO_size:*": -0.024842323475409166, "y-dimension:*+NO_orientation:*": -0.0423012950631814, "size:*+y-dimension:*": -0.042564882900846715, "orientation:*+type:*": -0.024967686514818177, "y-dimension:*+x-dimension:*": -0.024967686514818177, "size:*+NO_y-dimension:*": 0.025437450861109462, "type:*+y-dimension:*": -0.03320480985768978, "colour:*+NO_orientation:*": -0.019105152909232523, "colour:*+NO_y-dimension:*": 0.024744944415182744, "#:1": -0.014262683797559345, "colour:*+type:*": -0.044422116967366206, "x-dimension:*+NO_orientation:*": -0.002660330161300803, "colour:*+x-dimension:*": -0.04411547531975002, "orientation:*+colour:*": -0.024967686514818177, "NO_x-dimension:*+NO_colour:*": 0.084518441651991, "colour:*+NO_size:*": -0.017580999622025993, "NO_y-dimension:*+NO_orientation:*": 0.084518441651991, "NO_colour:*+NO_type:*": 0.051533763089224575, "colour:*+size:*": -0.01692035413557268}