{"NO_colour:*+NO_y-dimension:*": -0.016946694156168673, "size:*+NO_x-dimension:*": 0.006169477372294554, "orientation:*+size:*": -0.036358732232926426, "orientation:*": -0.04166975640394674, "size:*+NO_orientation:*": 0.009296925434003088, "NO_size:*+NO_y-dimension:*": 0.0007351434273927329, "NO_type:*+NO_orientation:*": -0.03174034062234126, "NO_orientation:*+NO_x-dimension:*": 0.009288347279934406, "y-dimension:*+size:*": -0.01671212874489749, "x-dimension:*+NO_colour:*": -0.009059714101759153, "y-dimension:*+orientation:*": -0.01671212874489749, "#:2": -0.07980363311828625, "#:3": -0.05942635423991814, "#:0": 0.08429749083573176, "NO_type:*+NO_y-dimension:*": -0.015958803475041392, "#:6": 0.06848538150666601, "#:4": -0.024118113730888447, "#:5": 0.03299248425065856, "type:*+orientation:*": -0.008197956711803471, "colour:*": 0.042649062992529456, "NO_colour:*+NO_orientation:*": -0.023824982193929714, "orientation:*+y-dimension:*": -0.033072685424659305, "y-dimension:*+NO_size:*": -0.04171387145492605, "y-dimension:*+NO_type:*": -0.03254120809454553, "NO_x-dimension:*+NO_orientation:*": 0.02398209880629168, "y-dimension:*": 0.16268865331508484, "size:*+NO_colour:*": -0.008798215164235674, "orientation:*+NO_y-dimension:*": 0.008115057765609949, "size:*+orientation:*": -0.016256956009275226, "NO_colour:*+NO_x-dimension:*": -0.033000950083657034, "x-dimension:*+type:*": -0.01671212874489749, "NO_orientation:*+NO_y-dimension:*": 0.00030303122866953615, "y-dimension:*+colour:*": -0.01671212874489749, "orientation:*+NO_x-dimension:*": 0.01693040873925103, "NO_size:*+NO_orientation:*": 0.03929757257253873, "x-dimension:*": 0.03453695308012034, "orientation:*+NO_type:*": -0.016759670947245797, "type:*+NO_y-dimension:*": 0.024376892469320795, "size:*+NO_type:*": -0.008790269557345935, "colour:*+y-dimension:*": -0.05088948105586634, "type:*+NO_colour:*": 0.0009060788683037538, "NO_x-dimension:*+NO_y-dimension:*": 0.015620633997815037, "orientation:*+NO_colour:*": -0.01823568199148654, "x-dimension:*+NO_y-dimension:*": -0.007202545003535575, "NO_type:*+NO_x-dimension:*": -0.03179629351096074, "NO_type:*+NO_size:*": -0.03970974201224109, "NO_size:*+NO_x-dimension:*": 0.044031377453182606, "y-dimension:*+NO_colour:*": -0.02511397002924752, "colour:*+orientation:*": -0.0067219456675627395, "size:*+type:*": -0.01671212874489749, "NO_orientation:*+NO_size:*": -0.006924741602594934, "type:*+NO_x-dimension:*": -0.0023003424992939316, "x-dimension:*+colour:*": -0.01671212874489749, "x-dimension:*+y-dimension:*": -0.026286181077044106, "x-dimension:*+orientation:*": -0.014929357697168237, "NO_y-dimension:*+NO_x-dimension:*": 0.08429749083573176, "size:*+colour:*": -0.01671212874489749, "NO_y-dimension:*+NO_size:*": 0.08429749083573176, "NO_orientation:*+NO_colour:*": 0.08429749083573176, "x-dimension:*+NO_size:*": -0.0007126146449840343, "type:*+NO_size:*": -0.0012689860152922225, "type:*+x-dimension:*": -0.016785008021953433, "NO_size:*+NO_type:*": 0.08429749083573176, "type:*": -0.035797479266144794, "type:*+NO_orientation:*": -0.010887393809443842, "NO_size:*+NO_colour:*": 0.08429749083573176, "y-dimension:*+type:*": -0.01671212874489749, "colour:*+NO_x-dimension:*": -0.00109568592659771, "orientation:*+NO_size:*": 0.010945931838254767, "orientation:*+x-dimension:*": -0.043670807446029705, "colour:*+NO_type:*": -0.005533268515867034, "NO_y-dimension:*+NO_type:*": 0.08429749083573176, "NO_y-dimension:*+NO_colour:*": 0.08429749083573176, "NO_x-dimension:*+NO_type:*": 0.08429749083573176, "x-dimension:*+NO_type:*": -0.016703718058626263, "size:*": -0.04331876280819844, "NO_orientation:*+NO_type:*": 0.08429749083573176, "y-dimension:*+NO_x-dimension:*": -0.04971727000806974, "size:*+x-dimension:*": -0.04948824018049313, "type:*+size:*": -0.01781636450595514, "NO_colour:*+NO_size:*": -0.03326244902118038, "y-dimension:*+NO_orientation:*": -0.04293076566045459, "size:*+y-dimension:*": -0.03428957963018776, "orientation:*+type:*": -0.01671212874489749, "y-dimension:*+x-dimension:*": -0.01671212874489749, "size:*+NO_y-dimension:*": 0.007682945566886702, "type:*+y-dimension:*": -0.04346224299056816, "colour:*+NO_orientation:*": -0.01880275223785545, "colour:*+NO_y-dimension:*": 0.025364783150448066, "#:1": -0.022427255503963437, "colour:*+type:*": -0.03670355813444877, "x-dimension:*+NO_orientation:*": 0.008399310317720786, "colour:*+x-dimension:*": -0.02442901197882041, "orientation:*+colour:*": -0.01671212874489749, "NO_x-dimension:*+NO_colour:*": 0.08429749083573176, "colour:*+NO_size:*": -0.00771627900635276, "NO_y-dimension:*+NO_orientation:*": 0.08429749083573176, "NO_colour:*+NO_type:*": 0.041330747782011894, "colour:*+size:*": -0.01780841889906537}