{"NO_colour:*+NO_y-dimension:*": -0.006959480837523217, "size:*+NO_x-dimension:*": 0.0160990701461423, "orientation:*+size:*": -0.03347454868556875, "orientation:*": -0.051255129986737126, "size:*+NO_orientation:*": 0.008399591410717161, "NO_size:*+NO_y-dimension:*": -0.018209214869483348, "NO_type:*+NO_orientation:*": -0.033750154428145204, "NO_orientation:*+NO_x-dimension:*": -0.010975917371635361, "y-dimension:*+size:*": -0.016619219184284738, "x-dimension:*+NO_colour:*": 0.00016551422637569536, "y-dimension:*+orientation:*": -0.016619219184284738, "#:2": -0.05825756354926451, "#:3": -0.08003154446236198, "#:0": 0.08490072811235679, "NO_type:*+NO_y-dimension:*": -0.025777258783802957, "#:6": 0.06816993021364953, "#:4": -0.023719972544719303, "#:5": 0.04318037517636461, "type:*+orientation:*": -0.009940765089300524, "colour:*": 0.10978228295698342, "NO_colour:*+NO_orientation:*": -0.024885292325339398, "orientation:*+y-dimension:*": -0.023683846183229107, "y-dimension:*+NO_size:*": -0.023994765713049326, "y-dimension:*+NO_type:*": -0.032668041357493995, "NO_x-dimension:*+NO_orientation:*": 0.04389647297095807, "y-dimension:*": 0.10520469661135025, "size:*+NO_colour:*": 0.00034122403102953273, "orientation:*+NO_y-dimension:*": -0.010952064619223234, "size:*+orientation:*": -0.0176217902549725, "NO_colour:*+NO_x-dimension:*": -0.024882055641393723, "x-dimension:*+type:*": -0.016619219184284738, "NO_orientation:*+NO_y-dimension:*": -0.008824091831219372, "y-dimension:*+colour:*": -0.016619219184284738, "orientation:*+NO_x-dimension:*": 0.007203801101451176, "NO_size:*+NO_orientation:*": 0.05111525989696775, "x-dimension:*": 0.04461017947249043, "orientation:*+NO_type:*": -0.024695145713151786, "type:*+NO_y-dimension:*": 0.006001102333360258, "size:*+NO_type:*": -0.01660327726032295, "colour:*+y-dimension:*": -0.030748291900134454, "type:*+NO_colour:*": 0.009064414256957622, "NO_x-dimension:*+NO_y-dimension:*": -0.004153673727485554, "orientation:*+NO_colour:*": 0.00016875091032146614, "x-dimension:*+NO_y-dimension:*": -0.015622482722957149, "NO_type:*+NO_x-dimension:*": -0.04218083414210411, "NO_type:*+NO_size:*": -0.041842022880973904, "NO_size:*+NO_x-dimension:*": 0.024025286554631566, "y-dimension:*+NO_colour:*": -0.01775706057749477, "colour:*+orientation:*": -0.03480466171277371, "size:*+type:*": -0.016619219184284738, "NO_orientation:*+NO_size:*": -0.008259721320947835, "type:*+NO_x-dimension:*": -0.0025955372694787928, "x-dimension:*+colour:*": -0.016619219184284738, "x-dimension:*+y-dimension:*": -0.00788265479353191, "x-dimension:*+orientation:*": -0.034393527447657855, "NO_y-dimension:*+NO_x-dimension:*": 0.08490072811235679, "size:*+colour:*": -0.016619219184284738, "NO_y-dimension:*+NO_size:*": 0.08490072811235679, "NO_orientation:*+NO_colour:*": 0.08490072811235679, "x-dimension:*+NO_size:*": 0.018671460975192476, "type:*+NO_size:*": -0.00036195770155871606, "type:*+x-dimension:*": -0.007240671517296331, "NO_size:*+NO_type:*": 0.08490072811235679, "type:*": -0.026455427971059868, "type:*+NO_orientation:*": 0.00010455630252537325, "NO_size:*+NO_colour:*": 0.08490072811235679, "y-dimension:*+type:*": -0.016619219184284738, "colour:*+NO_x-dimension:*": -0.01989431577018919, "orientation:*+NO_size:*": -0.0001587910461957609, "orientation:*+x-dimension:*": -0.024065403640530437, "colour:*+NO_type:*": -0.02466434446932134, "NO_y-dimension:*+NO_type:*": 0.08490072811235679, "NO_y-dimension:*+NO_colour:*": 0.08490072811235679, "NO_x-dimension:*+NO_type:*": 0.08490072811235679, "x-dimension:*+NO_type:*": -0.016264465999192797, "size:*": -0.042696747529824185, "NO_orientation:*+NO_type:*": 0.08490072811235679, "y-dimension:*+NO_x-dimension:*": -0.04062269768409749, "size:*+x-dimension:*": -0.05879581767596633, "type:*+size:*": -0.009474251085216418, "NO_colour:*+NO_size:*": -0.025057765446047528, "y-dimension:*+NO_orientation:*": -0.024821506294400414, "size:*+y-dimension:*": -0.024510586764580063, "orientation:*+type:*": -0.016619219184284738, "y-dimension:*+x-dimension:*": -0.016619219184284738, "size:*+NO_y-dimension:*": -0.001566941580959338, "type:*+y-dimension:*": -0.015837311120135287, "colour:*+NO_orientation:*": -0.00876030580028029, "colour:*+NO_y-dimension:*": -0.012816675612919473, "#:1": -0.03424195294602515, "colour:*+type:*": -0.03551984222801746, "x-dimension:*+NO_orientation:*": 0.018334574387414402, "colour:*+x-dimension:*": -0.023670651742864885, "orientation:*+colour:*": -0.016619219184284738, "NO_x-dimension:*+NO_colour:*": 0.08490072811235679, "colour:*+NO_size:*": -0.01714621513648508, "NO_y-dimension:*+NO_orientation:*": 0.08490072811235679, "NO_colour:*+NO_type:*": 0.05111977244038117, "colour:*+size:*": -0.026418752376568908}