{"NO_colour:*+NO_y-dimension:*": 0.0011906816677670622, "size:*+NO_x-dimension:*": 0.02541687899206577, "orientation:*+size:*": -0.04236567536485748, "orientation:*": -0.05171541566619593, "size:*+NO_orientation:*": 0.01883552781803533, "NO_size:*+NO_y-dimension:*": 0.000569342831834959, "NO_type:*+NO_orientation:*": -0.03264115742722642, "NO_orientation:*+NO_x-dimension:*": -0.001170806818988436, "y-dimension:*+size:*": -0.024866217797189723, "x-dimension:*+NO_colour:*": 0.01050697969760836, "y-dimension:*+orientation:*": -0.024866217797189723, "#:2": -0.0600430406260697, "#:3": -0.057204753272974876, "#:0": 0.08508050850665193, "NO_type:*+NO_y-dimension:*": -0.0075130748730571255, "#:6": 0.14448049693999782, "#:4": -0.06707009708833228, "#:5": -0.019093873641580217, "type:*+orientation:*": -0.010477476225783574, "colour:*": 0.03206332260579587, "NO_colour:*+NO_orientation:*": -0.033234858340942176, "orientation:*+y-dimension:*": -0.04333288290610751, "y-dimension:*+NO_size:*": -0.05317519737259496, "y-dimension:*+NO_type:*": -0.04149980419739195, "NO_x-dimension:*+NO_orientation:*": 0.025398766351835054, "y-dimension:*": 0.2283873461387183, "size:*+NO_colour:*": 0.0026132789408785688, "orientation:*+NO_y-dimension:*": 0.016483685037101355, "size:*+orientation:*": -0.008944506419069949, "NO_colour:*+NO_x-dimension:*": -0.043057791443196394, "x-dimension:*+type:*": -0.024866217797189723, "NO_orientation:*+NO_y-dimension:*": 0.008899168736548476, "y-dimension:*+colour:*": -0.024866217797189723, "orientation:*+NO_x-dimension:*": 0.01568833664472595, "NO_size:*+NO_orientation:*": 0.03287251867530723, "x-dimension:*": 0.04509067351377669, "orientation:*+NO_type:*": -0.016371721643222592, "type:*+NO_y-dimension:*": 0.03289592864670698, "size:*+NO_type:*": 0.0022148975675415562, "colour:*+y-dimension:*": -0.05185565106975701, "type:*+NO_colour:*": 0.0012146330421465153, "NO_x-dimension:*+NO_y-dimension:*": 0.015029882045262899, "orientation:*+NO_colour:*": 0.0006840465953542295, "x-dimension:*+NO_y-dimension:*": 0.010352971728386921, "NO_type:*+NO_x-dimension:*": -0.04253848887197226, "NO_type:*+NO_size:*": -0.05122777663799067, "NO_size:*+NO_x-dimension:*": 0.01449941718550673, "y-dimension:*+NO_colour:*": -0.03374149341335514, "colour:*+orientation:*": -0.02753324446436042, "size:*+type:*": -0.024866217797189723, "NO_orientation:*+NO_size:*": 7.369172853344043e-06, "type:*+NO_x-dimension:*": -0.0026257234571073346, "x-dimension:*+colour:*": -0.024866217797189723, "x-dimension:*+y-dimension:*": -0.025403050108769677, "x-dimension:*+orientation:*": -0.024583221624339742, "NO_y-dimension:*+NO_x-dimension:*": 0.08508050850665193, "size:*+colour:*": -0.024866217797189723, "NO_y-dimension:*+NO_size:*": 0.08508050850665193, "NO_orientation:*+NO_colour:*": 0.08508050850665193, "x-dimension:*+NO_size:*": 0.01797523678038525, "type:*+NO_size:*": -0.0013780779027692438, "type:*+x-dimension:*": -0.008575688181905915, "NO_size:*+NO_type:*": 0.08508050850665193, "type:*": -0.036067629436203036, "type:*+NO_orientation:*": -0.0007239354132297009, "NO_size:*+NO_colour:*": 0.08508050850665193, "y-dimension:*+type:*": -0.024866217797189723, "colour:*+NO_x-dimension:*": -0.0021064208858831597, "orientation:*+NO_size:*": -0.00040523388226845053, "orientation:*+x-dimension:*": -0.0428205306865821, "colour:*+NO_type:*": -0.015247434282714644, "NO_y-dimension:*+NO_type:*": 0.08508050850665193, "NO_y-dimension:*+NO_colour:*": 0.08508050850665193, "NO_x-dimension:*+NO_type:*": 0.08508050850665193, "x-dimension:*+NO_type:*": -0.0064743901984768495, "size:*": -0.03247465396589222, "NO_orientation:*+NO_type:*": 0.08508050850665193, "y-dimension:*+NO_x-dimension:*": -0.06019409437434247, "size:*+x-dimension:*": -0.05789153295795791, "type:*+size:*": -0.009823333736243924, "NO_colour:*+NO_size:*": -0.03516409068646662, "y-dimension:*+NO_orientation:*": -0.04226426157700472, "size:*+y-dimension:*": -0.03242194711051726, "orientation:*+type:*": -0.024866217797189723, "y-dimension:*+x-dimension:*": -0.024866217797189723, "size:*+NO_y-dimension:*": 0.024813510941814745, "type:*+y-dimension:*": -0.04409734028572028, "colour:*+NO_orientation:*": -0.00013023449951395715, "colour:*+NO_y-dimension:*": 0.024192172105882752, "#:1": -0.026149240817693025, "colour:*+type:*": -0.037282262478349475, "x-dimension:*+NO_orientation:*": 0.02748745613334931, "colour:*+x-dimension:*": -0.02555705807799115, "orientation:*+colour:*": -0.024866217797189723, "NO_x-dimension:*+NO_colour:*": 0.08508050850665193, "colour:*+NO_size:*": -0.017441763854293493, "NO_y-dimension:*+NO_orientation:*": 0.08508050850665193, "NO_colour:*+NO_type:*": 0.05131506371891757, "colour:*+size:*": -0.010221715109580972}