{"NO_colour:*+NO_y-dimension:*": 0.02636493577734053, "size:*+NO_x-dimension:*": 0.007415223417082215, "orientation:*+size:*": -0.016016724000542458, "orientation:*": -0.0066699553395298, "size:*+NO_orientation:*": -0.0012465653645971028, "NO_size:*+NO_y-dimension:*": 0.017046434370064742, "NO_type:*+NO_orientation:*": -0.00951564447688245, "NO_orientation:*+NO_x-dimension:*": -0.010783952773879753, "y-dimension:*+size:*": -0.01612344726037967, "x-dimension:*+NO_colour:*": 0.0070873205477556545, "y-dimension:*+orientation:*": -0.01612344726037967, "#:2": -0.035876543572892904, "#:3": -0.022811027564461746, "NO_type:*+NO_y-dimension:*": 0.008955474193647698, "#:6": 0.15359577299717989, "#:4": -0.07017339792036677, "#:5": -0.03301627656716555, "type:*+orientation:*": 0.007919098447628845, "colour:*": 0.1540519110423733, "NO_colour:*+NO_orientation:*": -0.0013545090383768144, "orientation:*+y-dimension:*": -0.02446889650295995, "y-dimension:*+NO_size:*": -0.009415143395992113, "y-dimension:*+NO_type:*": -0.01693672519730924, "NO_x-dimension:*+NO_orientation:*": 0.000979119473539514, "y-dimension:*": 0.20371837887494207, "size:*+NO_colour:*": 0.018035400204711814, "orientation:*+NO_y-dimension:*": 0.033922388423809714, "size:*+orientation:*": 0.009631998391066956, "NO_colour:*+NO_x-dimension:*": 0.00912515164286029, "x-dimension:*+type:*": -0.01612344726037967, "NO_orientation:*+NO_y-dimension:*": 0.016715199540486628, "y-dimension:*+colour:*": -0.01612344726037967, "orientation:*+NO_x-dimension:*": 0.01736016165339316, "NO_size:*+NO_orientation:*": -0.0009629708935746371, "x-dimension:*": -0.007555328353052988, "orientation:*+NO_type:*": 0.0015343934732208492, "type:*+NO_y-dimension:*": 0.041682113770648885, "size:*+NO_type:*": 0.009481832679117367, "colour:*+y-dimension:*": -0.024361677117192275, "type:*+NO_colour:*": 0.009382215402545455, "NO_x-dimension:*+NO_y-dimension:*": 0.022724023590926658, "orientation:*+NO_colour:*": 0.017566981228992837, "x-dimension:*+NO_y-dimension:*": 0.027913564373369816, "NO_type:*+NO_x-dimension:*": -0.00668500590474313, "NO_type:*+NO_size:*": -0.01746308368277901, "NO_size:*+NO_x-dimension:*": 0.000140104935970704, "y-dimension:*+NO_colour:*": -0.010152463586724546, "colour:*+orientation:*": -0.008113489308143006, "size:*+type:*": -0.01612344726037967, "NO_orientation:*+NO_size:*": 0.008879491597701563, "type:*+NO_x-dimension:*": 0.01424033425779605, "x-dimension:*+colour:*": -0.01612344726037967, "x-dimension:*+y-dimension:*": -0.019345445466043183, "x-dimension:*+orientation:*": -0.015709035201376235, "size:*+colour:*": -0.01612344726037967, "x-dimension:*+NO_size:*": 0.007491186038101807, "type:*+NO_size:*": 0.0250943746568516, "type:*+x-dimension:*": 0.009864364006245107, "type:*": 0.007981251003661588, "type:*+NO_orientation:*": 0.01618559981641222, "y-dimension:*+type:*": -0.01612344726037967, "colour:*+NO_x-dimension:*": -0.0015698232898073514, "orientation:*+NO_size:*": -0.0002852297300542311, "orientation:*+x-dimension:*": -0.00832108179154677, "colour:*+NO_type:*": -0.014811507791732122, "x-dimension:*+NO_type:*": -0.0012962450989184395, "size:*": -0.007631290974072644, "y-dimension:*+NO_x-dimension:*": -0.015168695237873672, "size:*+x-dimension:*": -0.015046514391154866, "type:*+size:*": -0.0009896763928104488, "NO_colour:*+NO_size:*": -0.0018229280140958455, "y-dimension:*+NO_orientation:*": -0.010045244200956847, "size:*+y-dimension:*": -0.025098997307924666, "orientation:*+type:*": -0.01612344726037967, "y-dimension:*+x-dimension:*": -0.01612344726037967, "size:*+NO_y-dimension:*": 0.03359115359423154, "type:*+y-dimension:*": -0.017577415506607495, "colour:*+NO_orientation:*": 0.008024464377906607, "colour:*+NO_y-dimension:*": 0.024272652186955897, "#:1": 0.008281472627706853, "colour:*+type:*": -0.0014009643988839686, "x-dimension:*+NO_orientation:*": 0.01647478863987005, "colour:*+x-dimension:*": 0.0014807983595709028, "orientation:*+colour:*": -0.01612344726037967, "colour:*+NO_size:*": 0.009454218988168483, "NO_colour:*+NO_type:*": 0.006830256788070501, "colour:*+size:*": -0.009543243918404817}