{"NO_x-dimension:*+NO_hasHair:*": 0.09543063181788923, "hasBeard:*+NO_hasSuit:*": 0.10575942116688043, "type:*+hasHair:*": -0.016731489994006057, "hasShirt:*+hasBeard:*": -0.0020288858006467184, "y-dimension:*+NO_hasTie:*": 0.11916936210220698, "hasHair:*+NO_y-dimension:*": 0.019285367958076116, "hairColour:*+NO_orientation:*": -0.026457627000063846, "hasHair:*+NO_hasShirt:*": -0.11577943972448711, "NO_hasSuit:*+NO_hasGlasses:*": 0.036054090001570289, "hasHair:*+x-dimension:*": -0.20033799472273009, "hasGlasses:*+hasShirt:*": -0.30384165656210282, "#:4": 0.0091064049726994542, "orientation:*+NO_age:*": -0.30426150953836906, "hasShirt:*+NO_hasSuit:*": -0.39995909106150673, "hasGlasses:*+NO_y-dimension:*": -0.11180308538541329, "hasTie:*+NO_y-dimension:*": -0.22080686871607308, "NO_hasShirt:*+NO_orientation:*": 0.38124092059961162, "x-dimension:*+hasGlasses:*": -5.6274618024843216e-06, "age:*+orientation:*": -0.13989595946506622, "hairColour:*+NO_hasTie:*": 0.015587300321580958, "hasBeard:*+NO_hasTie:*": 0.09490509821310808, "age:*+hasBeard:*": -0.28528782145940124, "age:*+NO_hasHair:*": -0.29235971025998991, "hasTie:*+type:*": -0.0033127691760108224, "hasSuit:*+NO_age:*": -0.36832283073517275, "type:*+NO_age:*": 0.22696919999406087, "x-dimension:*+NO_hasHair:*": -0.0049339656037625992, "hairColour:*+NO_type:*": -0.36658666621945851, "NO_hasTie:*+NO_hasGlasses:*": 0.027668807392311069, "y-dimension:*+NO_age:*": 0.1332500093012533, "hairColour:*+hasSuit:*": -0.17496896898100978, "hairColour:*+orientation:*": -0.17769247792297063, "orientation:*+age:*": -0.031109899117797168, "hasSuit:*+orientation:*": -0.17028461704806352, "hasGlasses:*+age:*": -0.30428156722137123, "hairColour:*+NO_hasSuit:*": 0.014506758850306967, "hasSuit:*+type:*": -0.25907701441448816, "hasHair:*+NO_age:*": -0.093511092376788216, "age:*+NO_hasSuit:*": -0.3066042951419336, "NO_hasTie:*+NO_age:*": 0.37809894350344309, "hasSuit:*+x-dimension:*": -0.19214920114043288, "hasTie:*+NO_hasGlasses:*": -0.2875934854679697, "age:*+type:*": -0.16450468793242887, "y-dimension:*+NO_hasGlasses:*": -0.12675322849010037, "hasHair:*+NO_hasGlasses:*": -0.20854655649885245, "NO_hasSuit:*+NO_y-dimension:*": 0.043146402165994434, "orientation:*+hasShirt:*": -0.036679321095026508, "NO_hasSuit:*+NO_type:*": -0.15659625513726594, "NO_hasTie:*+NO_hasBeard:*": 0.10384473541498412, "NO_age:*+NO_x-dimension:*": 0.1968362100649588, "#:1": -0.11992790033629822, "hasBeard:*+hasTie:*": -0.2763117782219317, "hasBeard:*+NO_hasGlasses:*": 0.011620245874643317, "NO_hasShirt:*+NO_hasBeard:*": 0.11131766564642052, "hasHair:*+hasSuit:*": -0.17261640359829819, "type:*+NO_hairColour:*": 0.038001678344408846, "hasBeard:*+x-dimension:*": -0.2972978709833286, "hasTie:*+y-dimension:*": -0.30198422151305254, "hasHair:*+hasTie:*": -0.17389629216760577, "y-dimension:*+NO_type:*": -0.19677325282099209, "NO_hasTie:*+NO_type:*": -0.15574344342785396, "age:*+hasHair:*": -0.039009312314269629, "NO_hasBeard:*+NO_hasGlasses:*": -0.57172198767519056, "hasSuit:*+hasShirt:*": -0.16532899437802057, "hasBeard:*+hasHair:*": -0.04321432128197774, "NO_hasGlasses:*+NO_orientation:*": 0.05348478982698749, "y-dimension:*+NO_hasBeard:*": 0.11442982175380535, "NO_hasBeard:*+NO_hasHair:*": 0.042235236393553525, "hasTie:*+NO_hasBeard:*": -0.37031545651245074, "NO_x-dimension:*+NO_orientation:*": 0.21271521228112947, "y-dimension:*": 0.4490385409763607, "y-dimension:*+type:*": -5.6274618024843216e-06, "NO_age:*+NO_hairColour:*": 0.11047704128064299, "orientation:*+NO_y-dimension:*": -0.15403252567828829, "hasShirt:*+NO_x-dimension:*": -0.30897136509729028, "hairColour:*+NO_y-dimension:*": 0.122987847452496, "hasShirt:*+hasHair:*": -0.0042052165722064163, "y-dimension:*+hairColour:*": -5.6274618024843216e-06, "NO_hasShirt:*+NO_x-dimension:*": 0.22139248157228261, "x-dimension:*+type:*": -5.6274618024843216e-06, "type:*+NO_hasGlasses:*": -0.19208345114034242, "hasSuit:*+NO_hasHair:*": -0.35973748975968395, "age:*+NO_hairColour:*": -0.27203882609791286, "hasGlasses:*+hasBeard:*": 0.47792390884618324, "hasTie:*+orientation:*": -0.13258307178548123, "hasBeard:*+NO_y-dimension:*": 0.085383643116053093, "hasSuit:*+NO_hasShirt:*": -0.47413651422754688, "NO_orientation:*+NO_hasHair:*": 0.26526370688018985, "hasShirt:*+NO_y-dimension:*": -0.19377303604889123, "orientation:*": -0.40638903464352671, "y-dimension:*+hasHair:*": 5.7919106879991537e-13, "hasBeard:*+hasShirt:*": -0.27520738719424692, "x-dimension:*": -0.41927491161426689, "type:*+NO_hasHair:*": 0.15051141367093607, "NO_y-dimension:*+NO_hasGlasses:*": -0.0021809314019258915, "NO_hairColour:*+NO_type:*": -0.080459210762716366, "age:*+NO_x-dimension:*": -0.26447843318012898, "type:*+NO_y-dimension:*": 0.076831751484974981, "hasTie:*+NO_hasSuit:*": -0.47004016662615977, "hairColour:*": -0.40194284093609794, "hairColour:*+NO_x-dimension:*": 0.072977363024573083, "NO_hasSuit:*+NO_hairColour:*": 0.13301856412792701, "hasTie:*+NO_orientation:*": -0.37781409620504153, "hasBeard:*+NO_age:*": 0.10107582658218997, "hasGlasses:*+NO_hasBeard:*": 0.069130592470719357, "x-dimension:*+y-dimension:*": -0.097910190309404274, "hasTie:*+NO_age:*": -0.37838035638564382, "hasHair:*+age:*": -0.14809120726925562, "hasTie:*+NO_hasHair:*": -0.36883007428779685, "NO_hasSuit:*+NO_hasBeard:*": 0.081643334403959447, "hasHair:*+hasBeard:*": -0.27437449973808642, "NO_hasTie:*+NO_hasHair:*": 0.25536568630337209, "orientation:*+NO_hasBeard:*": -0.408642845314381, "hasHair:*+type:*": -0.17718548441782206, "y-dimension:*+NO_hasSuit:*": 0.10252361577772003, "type:*+NO_hasShirt:*": 0.24512974254201317, "hasShirt:*+x-dimension:*": -0.19300036905001436, "NO_hairColour:*+NO_hasHair:*": 0.26028617605525683, "NO_y-dimension:*+NO_hasHair:*": -0.11434037682278236, "age:*+hasSuit:*": -0.025329671873398296, "hasBeard:*+NO_type:*": -0.37742904195391824, "NO_age:*+NO_hasGlasses:*": 0.05429350554256708, "hasGlasses:*+NO_x-dimension:*": 0.20734987261765608, "hasSuit:*": -0.40032764193201675, "NO_hasSuit:*+NO_hasHair:*": 0.24748972117733775, "hasShirt:*+age:*": -0.0015900801238354864, "y-dimension:*+NO_x-dimension:*": -0.11346719636635222, "type:*+NO_hasBeard:*": -0.055384750151808444, "hasHair:*+y-dimension:*": -0.22713423793018842, "orientation:*+NO_hairColour:*": -0.47393241834273897, "hasSuit:*+NO_x-dimension:*": -0.37474387932011499, "age:*+NO_hasBeard:*": -0.26116355661526575, "hasSuit:*+NO_hasGlasses:*": -0.43904321186789097, "NO_hasGlasses:*+NO_hasBeard:*": 0.035778147730787739, "hairColour:*+NO_hasShirt:*": -0.0089741273851366554, "hasBeard:*": 0.1176140876688813, "x-dimension:*+NO_y-dimension:*": -0.4540321953784387, "orientation:*+hasBeard:*": -0.13311048726768887, "type:*+NO_hasTie:*": 0.25153171912201006, "type:*+hasSuit:*": -0.0027562724746786845, "hasGlasses:*+type:*": 0.4725135414000648, "hasBeard:*+y-dimension:*": 0.4757572406514407, "hasGlasses:*+y-dimension:*": 0.47498295228270127, "hasTie:*+NO_hasShirt:*": -0.4695476729300378, "hasGlasses:*+NO_hasHair:*": 0.056280057344699187, "hasSuit:*+age:*": -0.14547178428815652, "hasGlasses:*+hasSuit:*": -0.30143706071934612, "#:6": -2.1204391187162313e-05, "hasTie:*": -0.40303382684724776, "NO_hasHair:*+NO_type:*": -0.11415569237644198, "hasSuit:*+hasBeard:*": -0.25847862352148815, "NO_orientation:*+NO_type:*": -0.16024474169588906, "hasSuit:*+NO_hairColour:*": -0.3435994535890331, "orientation:*+hasTie:*": -0.036658215259866359, "type:*+NO_x-dimension:*": 0.3125563684081416, "hasBeard:*+NO_orientation:*": 0.079238396221682744, "hasSuit:*+NO_hasBeard:*": -0.29787026877751849, "hairColour:*+hasTie:*": -0.17600676417025499, "x-dimension:*+orientation:*": -0.14737234345366257, "#:2": -0.17492236747650736, "NO_y-dimension:*+NO_x-dimension:*": 0.14763577404796058, "age:*+NO_y-dimension:*": -0.1394897130337433, "age:*+NO_hasTie:*": -0.30628699285991462, "x-dimension:*+NO_hairColour:*": 0.036439147919522671, "NO_hasShirt:*+NO_type:*": -0.15421327229578122,