{"NO_x-dimension:*+NO_hasHair:*": -0.081055662220299224, "hasBeard:*+NO_hasSuit:*": 0.1074713523298292, "type:*+hasHair:*": -0.0082421212470971204, "hasShirt:*+hasBeard:*": -0.00062847520033450515, "y-dimension:*+NO_hasTie:*": 0.10278676192961461, "hasHair:*+NO_y-dimension:*": 0.0029578878513808059, "hairColour:*+NO_orientation:*": -0.018721105872602478, "hasHair:*+NO_hasShirt:*": -0.12639831304450241, "NO_hasSuit:*+NO_hasGlasses:*": 0.066913677178720238, "hasHair:*+x-dimension:*": -0.29067653979692926, "hasGlasses:*+hasShirt:*": -0.30897533902045093, "#:4": 0.2268844658134439, "orientation:*+NO_age:*": -0.28925633221812097, "hasShirt:*+NO_hasSuit:*": -0.33463894329384625, "hasGlasses:*+NO_y-dimension:*": 0.036206959136703673, "hasTie:*+NO_y-dimension:*": -0.27531669036193906, "NO_hasShirt:*+NO_orientation:*": 0.36606051115793176, "x-dimension:*+hasGlasses:*": 1.9108692341213421e-07, "age:*+orientation:*": -0.11464979725732995, "hairColour:*+NO_hasTie:*": 0.029099062365508452, "hasBeard:*+NO_hasTie:*": 0.10487929707069793, "age:*+hasBeard:*": -0.2494004294379098, "age:*+NO_hasHair:*": -0.27451270201809203, "hasTie:*+type:*": -0.0051540499076833954, "hasSuit:*+NO_age:*": -0.37534117900052549, "type:*+NO_age:*": 0.23951646469392604, "x-dimension:*+NO_hasHair:*": 0.14805983699962552, "hairColour:*+NO_type:*": -0.2933905054689514, "NO_hasTie:*+NO_hasGlasses:*": 0.062705297487835585, "y-dimension:*+NO_age:*": 0.12659335366749541, "hairColour:*+hasSuit:*": -0.14523001612140982, "hairColour:*+orientation:*": -0.14829761391485638, "orientation:*+age:*": -0.026873686383904801, "hasSuit:*+orientation:*": -0.14878663960134875, "hasGlasses:*+age:*": -0.30980361502152792, "hairColour:*+NO_hasSuit:*": 0.029984842730146039, "hasSuit:*+type:*": -0.25597274627552852, "hasHair:*+NO_age:*": -0.097189728460671407, "age:*+NO_hasSuit:*": -0.28808793033484137, "NO_hasTie:*+NO_age:*": 0.36971956123727268, "hasSuit:*+x-dimension:*": -0.29685525901352799, "hasTie:*+NO_hasGlasses:*": -0.42053568750608561, "age:*+type:*": -0.12993255053901695, "y-dimension:*+NO_hasGlasses:*": -0.018035008851352147, "hasHair:*+NO_hasGlasses:*": -0.15695161992890236, "NO_hasSuit:*+NO_y-dimension:*": 0.072065503790699384, "orientation:*+hasShirt:*": -0.030188058505883408, "NO_hasSuit:*+NO_type:*": -0.18512632704895499, "NO_hasTie:*+NO_hasBeard:*": 0.11619222257908968, "NO_age:*+NO_x-dimension:*": 0.078829038103393964, "#:1": -0.1008719976873164, "hasBeard:*+hasTie:*": -0.23970243174274247, "hasBeard:*+NO_hasGlasses:*": 0.086622533934660392, "NO_hasShirt:*+NO_hasBeard:*": 0.15118902430751796, "hasHair:*+hasSuit:*": -0.14203953203617264, "type:*+NO_hairColour:*": 0.067858382599483028, "hasBeard:*+x-dimension:*": 0.072208855540086117, "hasTie:*+y-dimension:*": -0.29123991559495577, "hasHair:*+hasTie:*": -0.14289943894027354, "y-dimension:*+NO_type:*": -0.2456826065691966, "NO_hasTie:*+NO_type:*": -0.18582029245140327, "age:*+hasHair:*": -0.022503817561986664, "NO_hasBeard:*+NO_hasGlasses:*": -0.44864997767801107, "hasSuit:*+hasShirt:*": -0.14412136144885801, "hasBeard:*+hasHair:*": -0.023124498991335486, "NO_hasGlasses:*+NO_orientation:*": 0.060454215975618668, "y-dimension:*+NO_hasBeard:*": 0.12422936168173779, "NO_hasBeard:*+NO_hasHair:*": 0.067313490669479559, "hasTie:*+NO_hasBeard:*": -0.3378797733622107, "NO_x-dimension:*+NO_orientation:*": 0.087184951736804198, "y-dimension:*": 0.45120382235521722, "y-dimension:*+type:*": 1.9108692341213421e-07, "NO_age:*+NO_hairColour:*": 0.10210626096521594, "orientation:*+NO_y-dimension:*": -0.17467094211118464, "hasShirt:*+NO_x-dimension:*": -0.23203800489781859, "hairColour:*+NO_y-dimension:*": 0.12332304809946837, "hasShirt:*+hasHair:*": -0.0006121322098189138, "y-dimension:*+hairColour:*": 1.9108692341213421e-07, "NO_hasShirt:*+NO_x-dimension:*": 0.10491316982981611, "x-dimension:*+type:*": 1.9108692341213421e-07, "type:*+NO_hasGlasses:*": -0.096764229868992024, "hasSuit:*+NO_hasHair:*": -0.36874577285699994, "age:*+NO_hairColour:*": -0.25299236426651012, "hasGlasses:*+hasBeard:*": -0.19823160412567209, "hasTie:*+orientation:*": -0.10860831471925061, "hasBeard:*+NO_y-dimension:*": 0.10664267328315152, "hasSuit:*+NO_hasShirt:*": -0.37601991034860321, "NO_orientation:*+NO_hasHair:*": 0.23950910330484732, "hasShirt:*+NO_y-dimension:*": -0.21480927034960354, "orientation:*": -0.4030573280049865, "y-dimension:*+hasHair:*": 1.8249369906439705e-12, "hasBeard:*+hasShirt:*": -0.23703087712141799, "x-dimension:*": 0.45197795426331749, "type:*+NO_hasHair:*": 0.15445058581036253, "NO_y-dimension:*+NO_hasGlasses:*": -0.096230527434586488, "NO_hairColour:*+NO_type:*": -0.12727323953356462, "age:*+NO_x-dimension:*": -0.17191170043965573, "type:*+NO_y-dimension:*": 0.11656018067496791, "hasTie:*+NO_hasSuit:*": -0.57987777571587029, "hairColour:*": -0.39193145381444294, "hairColour:*+NO_x-dimension:*": 0.13596329733041446, "NO_hasSuit:*+NO_hairColour:*": 0.1207288301287134, "hasTie:*+NO_orientation:*": -0.40013675233526114, "hasBeard:*+NO_age:*": 0.11417002956952312, "hasGlasses:*+NO_hasBeard:*": 0.14012679494434205, "x-dimension:*+y-dimension:*": 0.48280372490799062, "hasTie:*+NO_age:*": -0.39973249861798221, "hasHair:*+age:*": -0.12317976222934043, "hasTie:*+NO_hasHair:*": -0.39359081931799283, "NO_hasSuit:*+NO_hasBeard:*": 0.10985765897406721, "hasHair:*+hasBeard:*": -0.22191351732623707, "NO_hasTie:*+NO_hasHair:*": 0.2251360038989785, "orientation:*+NO_hasBeard:*": -0.41382294478038251, "hasHair:*+type:*": -0.25652904218128009, "y-dimension:*+NO_hasSuit:*": 0.09649976516926817, "type:*+NO_hasShirt:*": 0.2564495321547039, "hasShirt:*+x-dimension:*": -0.29746022637553848, "NO_hairColour:*+NO_hasHair:*": 0.26266999476731617, "NO_y-dimension:*+NO_hasHair:*": -0.10587363650360457, "age:*+hasSuit:*": -0.013564303907511078, "hasBeard:*+NO_type:*": -0.37756870655395708, "NO_age:*+NO_hasGlasses:*": 0.096403390294895988, "hasGlasses:*+NO_x-dimension:*": 0.046918379729586956, "hasSuit:*": -0.39685608915105813, "NO_hasSuit:*+NO_hasHair:*": 0.22107389484216811, "hasShirt:*+age:*": 4.753455958424836e-05, "y-dimension:*+NO_x-dimension:*": -0.58871013230337399, "type:*+NO_hasBeard:*": 0.018062604791879534, "hasHair:*+y-dimension:*": -0.2884226362140932, "orientation:*+NO_hairColour:*": -0.47120181323430332, "hasSuit:*+NO_x-dimension:*": -0.27097398376602627, "age:*+NO_hasBeard:*": -0.23172036366056639, "hasSuit:*+NO_hasGlasses:*": -0.46040760540758013, "NO_hasGlasses:*+NO_hasBeard:*": -0.024436742141148039, "hairColour:*+NO_hasShirt:*": 0.0029753041943476979, "hasBeard:*": -0.20692979686444773, "x-dimension:*+NO_y-dimension:*": -0.70649267876744393, "orientation:*+hasBeard:*": -0.091382472780389329, "type:*+NO_hasTie:*": 0.25861153326017261, "type:*+hasSuit:*": -0.0002705580850644241, "hasGlasses:*+type:*": 0.48793915614086764, "hasBeard:*+y-dimension:*": 0.10853531424909199, "hasGlasses:*+y-dimension:*": 0.49633240199783252, "hasTie:*+NO_hasShirt:*": -0.40050125916300927, "hasGlasses:*+NO_hasHair:*": 0.095732516231258336, "hasSuit:*+age:*": -0.12590476096492323, "hasGlasses:*+hasSuit:*": -0.3081137830745837, "#:6": -0.00027140540758167962, "hasTie:*": -0.39817254882994552, "NO_hasHair:*+NO_type:*": -0.14964322955565801, "hasSuit:*+hasBeard:*": -0.22492479393111645, "NO_orientation:*+NO_type:*": -0.19976360294913353, "hasSuit:*+NO_hairColour:*": -0.35312542901728899, "orientation:*+hasTie:*": -0.030174623209379501, "type:*+NO_x-dimension:*": 0.17396710659056788, "hasBeard:*+NO_orientation:*": 0.060676856570168934, "hasSuit:*+NO_hasBeard:*": -0.31285343013879485, "hairColour:*+hasTie:*": -0.14589657504107209, "x-dimension:*+orientation:*": -0.24573610472104532, "#:2": -0.20617442869216218, "NO_y-dimension:*+NO_x-dimension:*": 0.22468352023159832, "age:*+NO_y-dimension:*": -0.15487515873503765, "age:*+NO_hasTie:*": -0.28818511113271328, "x-dimension:*+NO_hairColour:*": 0.1741629980466923, "NO_hasShirt:*+NO_type:*": -0.18054526978337807,