{"NO_x-dimension:*+NO_hasHair:*": 0.031364949935870988, "hasBeard:*+NO_hasSuit:*": 0.13568104502696707, "type:*+hasHair:*": -0.055541514048868874, "hasShirt:*+hasBeard:*": -0.0021528748259372894, "y-dimension:*+NO_hasTie:*": 0.076966236217388434, "hasHair:*+NO_y-dimension:*": -0.086290423165728602, "hairColour:*+NO_orientation:*": 0.11838187662411916, "hasHair:*+NO_hasShirt:*": -0.14912162413821514, "NO_hasSuit:*+NO_hasGlasses:*": 0.063000418454018978, "hasHair:*+x-dimension:*": -0.23259541402389314, "hasGlasses:*+hasShirt:*": -0.31283749399348398, "#:4": 0.3252850236640113, "orientation:*+NO_age:*": -0.31476086700483769, "hasShirt:*+NO_hasSuit:*": -0.40320272063381751, "hasGlasses:*+NO_y-dimension:*": 0.20996552665566087, "hasTie:*+NO_y-dimension:*": -0.26835758746649202, "NO_hasShirt:*+NO_orientation:*": 0.37406926637647409, "x-dimension:*+hasGlasses:*": -0.0017335561977572312, "age:*+orientation:*": -0.12744129731994736, "hairColour:*+NO_hasTie:*": 0.13083282895105694, "hasBeard:*+NO_hasTie:*": 0.12349114858562926, "age:*+hasBeard:*": -0.31695774702597335, "age:*+NO_hasHair:*": -0.30038537714274605, "hasTie:*+type:*": -0.0029477073845547049, "hasSuit:*+NO_age:*": -0.30366682543149898, "type:*+NO_age:*": 0.21266126306612365, "x-dimension:*+NO_hasHair:*": 0.066379728261872203, "hairColour:*+NO_type:*": -0.64560969265786861, "NO_hasTie:*+NO_hasGlasses:*": 0.051085226457783815, "y-dimension:*+NO_age:*": 0.0813557573034311, "hairColour:*+hasSuit:*": -0.30521234242159884, "hairColour:*+orientation:*": -0.29725565752891747, "orientation:*+age:*": -0.011835063690373791, "hasSuit:*+orientation:*": -0.14064335610554321, "hasGlasses:*+age:*": -0.30167148820977474, "hairColour:*+NO_hasSuit:*": 0.13212233655015379, "hasSuit:*+type:*": -0.26027545562490056, "hasHair:*+NO_age:*": -0.13366105088991487, "age:*+NO_hasSuit:*": -0.30477222510535823, "NO_hasTie:*+NO_age:*": 0.34346374849451133, "hasSuit:*+x-dimension:*": -0.24112624410999839, "hasTie:*+NO_hasGlasses:*": -0.31115015359300441, "age:*+type:*": -0.18403447047350258, "y-dimension:*+NO_hasGlasses:*": 0.13304093883024792, "hasHair:*+NO_hasGlasses:*": -0.11614143319945278, "NO_hasSuit:*+NO_y-dimension:*": 0.16684571119582689, "orientation:*+hasShirt:*": -0.013934886309473921, "NO_hasSuit:*+NO_type:*": -0.14251144898223075, "NO_hasTie:*+NO_hasBeard:*": 0.065372896666702082, "NO_age:*+NO_x-dimension:*": 0.1571183413504256, "#:1": -0.099402341083514756, "hasBeard:*+hasTie:*": -0.31155363557652249, "hasBeard:*+NO_hasGlasses:*": -0.17104189446787899, "NO_hasShirt:*+NO_hasBeard:*": 0.075488384283140364, "hasHair:*+hasSuit:*": -0.12965340257570251, "type:*+NO_hairColour:*": -0.12791754752304896, "hasBeard:*+x-dimension:*": 0.044744231078006041, "hasTie:*+y-dimension:*": -0.19170926223914114, "hasHair:*+hasTie:*": -0.13091705282222996, "y-dimension:*+NO_type:*": -0.024857752883982846, "NO_hasTie:*+NO_type:*": -0.14320010739178732, "age:*+hasHair:*": -0.045566185713504723, "NO_hasBeard:*+NO_hasGlasses:*": -0.48590197277679603, "hasSuit:*+hasShirt:*": -0.13471370411947878, "hasBeard:*+hasHair:*": -0.097208486188575943, "NO_hasGlasses:*+NO_orientation:*": 0.15320763309821528, "y-dimension:*+NO_hasBeard:*": 0.13752092845073247, "NO_hasBeard:*+NO_hasHair:*": 0.012785071743219419, "hasTie:*+NO_hasBeard:*": -0.24628727651059346, "NO_x-dimension:*+NO_orientation:*": 0.1654077469355443, "y-dimension:*": -0.29702847780755398, "y-dimension:*+type:*": -0.0017335561977572312, "NO_age:*+NO_hairColour:*": 0.064925902727873241, "orientation:*+NO_y-dimension:*": -0.25331241114288489, "hasShirt:*+NO_x-dimension:*": -0.25730362332296025, "hairColour:*+NO_y-dimension:*": 0.21265635619148951, "hasShirt:*+hasHair:*": -0.0067615154444168124, "y-dimension:*+hairColour:*": -0.0017335561977572312, "NO_hasShirt:*+NO_x-dimension:*": 0.17210355623361792, "x-dimension:*+type:*": -0.0017335561977572312, "type:*+NO_hasGlasses:*": -0.21458948168692096, "hasSuit:*+NO_hasHair:*": -0.30008900263799293, "age:*+NO_hairColour:*": -0.21628344274691691, "hasGlasses:*+hasBeard:*": 0.4910491960685065, "hasTie:*+orientation:*": -0.1225464569068928, "hasBeard:*+NO_y-dimension:*": 0.21265583010176436, "hasSuit:*+NO_hasShirt:*": -0.3619874391023184, "NO_orientation:*+NO_hasHair:*": 0.24830230965727393, "hasShirt:*+NO_y-dimension:*": -0.27135619091323726, "orientation:*": -0.38691835079368719, "y-dimension:*+hasHair:*": 3.6910245714821608e-05, "hasBeard:*+hasShirt:*": -0.30947865572467043, "x-dimension:*": -0.13546876836456118, "type:*+NO_hasHair:*": 0.13384658601040264, "NO_y-dimension:*+NO_hasGlasses:*": -0.2347213903920598, "NO_hairColour:*+NO_type:*": 0.029885366671369932, "age:*+NO_x-dimension:*": -0.22842922040232699, "type:*+NO_y-dimension:*": 0.24618759986036345, "hasTie:*+NO_hasSuit:*": -0.47848691482943051, "hairColour:*": 0.46152099307196487, "hairColour:*+NO_x-dimension:*": 0.2032389496906104, "NO_hasSuit:*+NO_hairColour:*": 0.072050896819653279, "hasTie:*+NO_orientation:*": -0.32175279841857368, "hasBeard:*+NO_age:*": 0.1239971181061382, "hasGlasses:*+NO_hasBeard:*": -0.12352739997942505, "x-dimension:*+y-dimension:*": -0.17289358753874634, "hasTie:*+NO_age:*": -0.32253753833429821, "hasHair:*+age:*": -0.098291946906024566, "hasTie:*+NO_hasHair:*": -0.31891947849109442, "NO_hasSuit:*+NO_hasBeard:*": 0.047219002144126526, "hasHair:*+hasBeard:*": -0.27447339317236358, "NO_hasTie:*+NO_hasHair:*": 0.22315551820886254, "orientation:*+NO_hasBeard:*": -0.27214184403744773, "hasHair:*+type:*": -0.25272687629381951, "y-dimension:*+NO_hasSuit:*": 0.052807672667786375, "type:*+NO_hasShirt:*": 0.22089100716211632, "hasShirt:*+x-dimension:*": -0.24344010202133037, "NO_hairColour:*+NO_hasHair:*": 0.15778940312206036, "NO_y-dimension:*+NO_hasHair:*": 0.038261316567737652, "age:*+hasSuit:*": -0.027391723579553991, "hasBeard:*+NO_type:*": -0.59378632804145637, "NO_age:*+NO_hasGlasses:*": 0.067721545365099209, "hasGlasses:*+NO_x-dimension:*": 0.1777851288443667, "hasSuit:*": -0.37512262277471436, "NO_hasSuit:*+NO_hasHair:*": 0.21616142550828504, "hasShirt:*+age:*": -0.00065886014883969907, "y-dimension:*+NO_x-dimension:*": -0.48129244079953043, "type:*+NO_hasBeard:*": -0.14193078995092154, "hasHair:*+y-dimension:*": -0.19170041750312966, "orientation:*+NO_hairColour:*": -0.305830612948787, "hasSuit:*+NO_x-dimension:*": -0.26228987311223056, "age:*+NO_hasBeard:*": -0.22794401538226727, "hasSuit:*+NO_hasGlasses:*": -0.48940728587251342, "NO_hasGlasses:*+NO_hasBeard:*": 0.19507957693958505, "hairColour:*+NO_hasShirt:*": 0.10756632493701521, "hasBeard:*": 0.45798042195662747, "x-dimension:*+NO_y-dimension:*": -0.53129347839479035, "orientation:*+hasBeard:*": -0.055121126211031074, "type:*+NO_hasTie:*": 0.22081836050978018, "type:*+hasSuit:*": -0.0015031223001776685, "hasGlasses:*+type:*": 0.4732861955405494, "hasBeard:*+y-dimension:*": -0.13375258934696882, "hasGlasses:*+y-dimension:*": -0.10950669785948915, "hasTie:*+NO_hasShirt:*": -0.39112137852723833, "hasGlasses:*+NO_hasHair:*": 0.10317170708419067, "hasSuit:*+age:*": -0.10589792943523811, "hasGlasses:*+hasSuit:*": -0.30886311422210544, "#:6": -0.0034778132505282376, "hasTie:*": -0.37949173249333301, "NO_hasHair:*+NO_type:*": -0.12545503428463944, "hasSuit:*+hasBeard:*": -0.2925807534915868, "NO_orientation:*+NO_type:*": -0.15515668492062315, "hasSuit:*+NO_hairColour:*": -0.22611263821035132, "orientation:*+hasTie:*": -0.013927853302487138, "type:*+NO_x-dimension:*": 0.27593871555636224, "hasBeard:*+NO_orientation:*": 0.12312820986260932, "hasSuit:*+NO_hasBeard:*": -0.19978352915885506, "hairColour:*+hasTie:*": -0.30914649729431415, "x-dimension:*+orientation:*": -0.2305472778314365, "#:2": -0.26852459275553581, "NO_y-dimension:*+NO_x-dimension:*": 0.2661158838350372, "age:*+NO_y-dimension:*": -0.24375217125140916, "age:*+NO_hasTie:*": -0.30484822343500684, "x-dimension:*+NO_hairColour:*": 0.10664711516926878, "NO_hasShirt:*+NO_type:*": -0.14330430705671873, "hasShirt:*+NO_hasGlasses:*": -0.25797730499554866,