{"NO_x-dimension:*+NO_hasHair:*": -0.10605830708348783, "hasBeard:*+NO_hasSuit:*": 0.1989854082783987, "type:*+hasHair:*": -0.014277666589826229, "hasShirt:*+hasBeard:*": -0.0058078280720231384, "y-dimension:*+NO_hasTie:*": 0.11739091551934847, "hasHair:*+NO_y-dimension:*": 0.0098908472493492751, "hairColour:*+NO_orientation:*": -0.016013269685674854, "hasHair:*+NO_hasShirt:*": -0.1116382200869024, "NO_hasSuit:*+NO_hasGlasses:*": 0.13092057944839042, "hasHair:*+x-dimension:*": -0.31020429904847552, "hasGlasses:*+hasShirt:*": -0.29559646646177662, "#:4": 0.27833729461993356, "orientation:*+NO_age:*": -0.27891973114002538, "hasShirt:*+NO_hasSuit:*": -0.37959944006289836, "hasGlasses:*+NO_y-dimension:*": 0.071137619886478418, "hasTie:*+NO_y-dimension:*": -0.21725399684425428, "NO_hasShirt:*+NO_orientation:*": 0.35029531875359465, "x-dimension:*+hasGlasses:*": -1.7820708501592212e-05, "age:*+orientation:*": -0.12577057053223759, "hairColour:*+NO_hasTie:*": 0.030785846727372806, "hasBeard:*+NO_hasTie:*": 0.19069633227511382, "age:*+hasBeard:*": -0.26422831157132703, "age:*+NO_hasHair:*": -0.31782169568648888, "hasTie:*+type:*": -0.0068571225716861327, "hasSuit:*+NO_age:*": -0.31508986874906009, "type:*+NO_age:*": 0.26705405791816728, "x-dimension:*+NO_hasHair:*": 0.15316979948859841, "hairColour:*+NO_type:*": -0.28721969550185411, "NO_hasTie:*+NO_hasGlasses:*": 0.12238221248915057, "y-dimension:*+NO_age:*": 0.11585601806068284, "hairColour:*+hasSuit:*": -0.12690668349330295, "hairColour:*+orientation:*": -0.1311262769427031, "orientation:*+age:*": -0.026186338773365275, "hasSuit:*+orientation:*": -0.12582355707280793, "hasGlasses:*+age:*": -0.23633674118951495, "hairColour:*+NO_hasSuit:*": 0.029983026992458091, "hasSuit:*+type:*": -0.26750988425200867, "hasHair:*+NO_age:*": -0.092131952646655552, "age:*+NO_hasSuit:*": -0.31877163961744337, "NO_hasTie:*+NO_age:*": 0.39729763878930963, "hasSuit:*+x-dimension:*": -0.3141222125326612, "hasTie:*+NO_hasGlasses:*": -0.38799618454237267, "age:*+type:*": -0.14172460618877417, "y-dimension:*+NO_hasGlasses:*": 0.090891396548281239, "hasHair:*+NO_hasGlasses:*": -0.18444607830841236, "NO_hasSuit:*+NO_y-dimension:*": 0.082011121208932128, "orientation:*+hasShirt:*": -0.024692936921968441, "NO_hasSuit:*+NO_type:*": -0.20037284900332322, "NO_hasTie:*+NO_hasBeard:*": 0.019440459267560266, "NO_age:*+NO_x-dimension:*": 0.047497931600127011, "#:1": -0.089724886903716813, "hasBeard:*+hasTie:*": -0.31652990833637462, "hasBeard:*+NO_hasGlasses:*": 0.12480268580295348, "NO_hasShirt:*+NO_hasBeard:*": 0.036246490336897176, "hasHair:*+hasSuit:*": -0.11953245426316556, "type:*+NO_hairColour:*": 0.10316992227053179, "hasBeard:*+x-dimension:*": 0.50314314669042848, "hasTie:*+y-dimension:*": -0.31789218012942649, "hasHair:*+hasTie:*": -0.12094368700470974, "y-dimension:*+NO_type:*": -0.23574574880907526, "NO_hasTie:*+NO_type:*": -0.19992638932543788, "age:*+hasHair:*": -0.047046805642482224, "NO_hasBeard:*+NO_hasGlasses:*": -0.47762139608958043, "hasSuit:*+hasShirt:*": -0.12111304867587398, "hasBeard:*+hasHair:*": -0.050493356841088168, "NO_hasGlasses:*+NO_orientation:*": 0.13417434421645066, "y-dimension:*+NO_hasBeard:*": -0.025772527648546498, "NO_hasBeard:*+NO_hasHair:*": -0.056194404407218075, "hasTie:*+NO_hasBeard:*": -0.23010981399718727, "NO_x-dimension:*+NO_orientation:*": 0.073541134312706299, "y-dimension:*": 0.45763133269142992, "y-dimension:*+type:*": -1.7820708501592212e-05, "NO_age:*+NO_hairColour:*": 0.11258620910023373, "orientation:*+NO_y-dimension:*": -0.17825763697567842, "hasShirt:*+NO_x-dimension:*": -0.22049990993866106, "hairColour:*+NO_y-dimension:*": 0.11325116020495203, "hasShirt:*+hasHair:*": -0.0032040299590036453, "y-dimension:*+hairColour:*": -1.7820708501592212e-05, "NO_hasShirt:*+NO_x-dimension:*": 0.081604311318271214, "x-dimension:*+type:*": -1.7820708501592212e-05, "type:*+NO_hasGlasses:*": -0.059899644947858634, "hasSuit:*+NO_hasHair:*": -0.31073156568326216, "age:*+NO_hairColour:*": -0.30551373088491041, "hasGlasses:*+hasBeard:*": 0.28522182314793532, "hasTie:*+orientation:*": -0.092757302870362823, "hasBeard:*+NO_y-dimension:*": 0.055093471249684736, "hasSuit:*+NO_hasShirt:*": -0.38464976928283801, "NO_orientation:*+NO_hasHair:*": 0.24050129568061651, "hasShirt:*+NO_y-dimension:*": -0.21590756308847531, "orientation:*": -0.4227030311186239, "y-dimension:*+hasHair:*": 9.3756144710393866e-21, "hasBeard:*+hasShirt:*": -0.31632962923187552, "x-dimension:*": 0.44476527758302337, "type:*+NO_hasHair:*": 0.15924421813836534, "NO_y-dimension:*+NO_hasGlasses:*": -0.15703120525624864, "NO_hairColour:*+NO_type:*": -0.15631589712666341, "age:*+NO_x-dimension:*": -0.24857438728039996, "type:*+NO_y-dimension:*": 0.15115639446833898, "hasTie:*+NO_hasSuit:*": -0.51154711584527479, "hairColour:*": -0.42964622824075355, "hairColour:*+NO_x-dimension:*": 0.13051040080978074, "NO_hasSuit:*+NO_hairColour:*": 0.13680507498827452, "hasTie:*+NO_orientation:*": -0.32063457318378463, "hasBeard:*+NO_age:*": 0.19109731353187492, "hasGlasses:*+NO_hasBeard:*": 0.060552507558610968, "x-dimension:*+y-dimension:*": 0.50186773014903585, "hasTie:*+NO_age:*": -0.31683339383131875, "hasHair:*+age:*": -0.11800553087805578, "hasTie:*+NO_hasHair:*": -0.31228244772313768, "NO_hasSuit:*+NO_hasBeard:*": 0.0078808613750015796, "hasHair:*+hasBeard:*": -0.29964186789694286, "NO_hasTie:*+NO_hasHair:*": 0.21985054130185772, "orientation:*+NO_hasBeard:*": -0.28463192191012737, "hasHair:*+type:*": -0.22944576140406106, "y-dimension:*+NO_hasSuit:*": 0.10632711237809872, "type:*+NO_hasShirt:*": 0.2617692005392272, "hasShirt:*+x-dimension:*": -0.32047784997181183, "NO_hairColour:*+NO_hasHair:*": 0.292069332778087, "NO_y-dimension:*+NO_hasHair:*": -0.12615421784438413, "age:*+hasSuit:*": -0.028635720577856762, "hasBeard:*+NO_type:*": -0.45721925568401445, "NO_age:*+NO_hasGlasses:*": 0.10257455290051624, "hasGlasses:*+NO_x-dimension:*": 0.052943830870876653, "hasSuit:*": -0.41084103909095959, "NO_hasSuit:*+NO_hasHair:*": 0.21746639467869183, "hasShirt:*+age:*": -0.0017425885963510968, "y-dimension:*+NO_x-dimension:*": -0.55328609559849007, "type:*+NO_hasBeard:*": -0.094250597048473536, "hasHair:*+y-dimension:*": -0.32051953440713477, "orientation:*+NO_hairColour:*": -0.42104839071996819, "hasSuit:*+NO_x-dimension:*": -0.24429842340997612, "age:*+NO_hasBeard:*": -0.25283892179391843, "hasSuit:*+NO_hasGlasses:*": -0.54593655018015308, "NO_hasGlasses:*+NO_hasBeard:*": -0.047600576920431605, "hairColour:*+NO_hasShirt:*": -0.0043344552002650338, "hasBeard:*": 0.45840061184119363, "x-dimension:*+NO_y-dimension:*": -0.6187004787398096, "orientation:*+hasBeard:*": -0.16421160227120149, "type:*+NO_hasTie:*": 0.2611219073556566, "type:*+hasSuit:*": -0.0022922248054255256, "hasGlasses:*+type:*": 0.43645423985292436, "hasBeard:*+y-dimension:*": 0.51412675566894739, "hasGlasses:*+y-dimension:*": 0.30917063774326853, "hasTie:*+NO_hasShirt:*": -0.37683150784825215, "hasGlasses:*+NO_hasHair:*": 0.050251536462336349, "hasSuit:*+age:*": -0.11697918620578254, "hasGlasses:*+hasSuit:*": -0.28992170995968153, "#:6": -4.5599294551598093e-05, "hasTie:*": -0.41624253369290742, "NO_hasHair:*+NO_type:*": -0.16140784249003812, "hasSuit:*+hasBeard:*": -0.29406992777168001, "NO_orientation:*+NO_type:*": -0.21420710699564183, "hasSuit:*+NO_hairColour:*": -0.2951778228655525, "orientation:*+hasTie:*": -0.024710074938589871, "type:*+NO_x-dimension:*": 0.16935203602195278, "hasBeard:*+NO_orientation:*": 0.16738109687763228, "hasSuit:*+NO_hasBeard:*": -0.20070329254954014, "hairColour:*+hasTie:*": -0.12819955101979469, "x-dimension:*+orientation:*": -0.25517640360914229, "#:2": -0.22506444026797795, "NO_y-dimension:*+NO_x-dimension:*": 0.18890559122703252, "age:*+NO_y-dimension:*": -0.24175345951624841, "age:*+NO_hasTie:*": -0.31881852703334257, "x-dimension:*+NO_hairColour:*": 0.18714442281903856, "NO_hasShirt:*+NO_type:*": -0.19963399722714723,