{"NO_x-dimension:*+NO_hasHair:*": 0.083827476257986686, "hasBeard:*+NO_hasSuit:*": 0.091642056214829487, "type:*+hasHair:*": -0.016583237938472255, "hasShirt:*+hasBeard:*": -0.0017489270382798601, "y-dimension:*+NO_hasTie:*": 0.11571134887981713, "hasHair:*+NO_y-dimension:*": -0.017197276904389099, "hairColour:*+NO_orientation:*": -0.052548977720605891, "hasHair:*+NO_hasShirt:*": -0.076755698990476823, "NO_hasSuit:*+NO_hasGlasses:*": 0.057991550566673343, "hasHair:*+x-dimension:*": -0.2090821442480793, "hasGlasses:*+hasShirt:*": -0.3240899216019183, "#:4": -0.28550942098269888, "orientation:*+NO_age:*": -0.32674196976590292, "hasShirt:*+NO_hasSuit:*": -0.60038258910879028, "hasGlasses:*+NO_y-dimension:*": -0.067733536155503551, "hasTie:*+NO_y-dimension:*": -0.20680692521401242, "NO_hasShirt:*+NO_orientation:*": 0.40828612809493914, "x-dimension:*+hasGlasses:*": -2.9096044353762396e-07, "age:*+orientation:*": -0.14079622824522781, "hairColour:*+NO_hasTie:*": -0.017351352012554281, "hasBeard:*+NO_hasTie:*": 0.081027845987802286, "age:*+hasBeard:*": -0.25964931848113432, "age:*+NO_hasHair:*": -0.28324817460981055, "hasTie:*+type:*": -0.0037975458902481554, "hasSuit:*+NO_age:*": -0.35761109956747611, "type:*+NO_age:*": 0.23176557149010424, "x-dimension:*+NO_hasHair:*": 0.0036604330095308486, "hairColour:*+NO_type:*": -0.26046275294367793, "NO_hasTie:*+NO_hasGlasses:*": 0.049786833459736272, "y-dimension:*+NO_age:*": 0.12790915112208259, "hairColour:*+hasSuit:*": -0.1714753560768838, "hairColour:*+orientation:*": -0.17383502197978781, "orientation:*+age:*": -0.033692969708565126, "hasSuit:*+orientation:*": -0.16909446035809281, "hasGlasses:*+age:*": -0.32415756261239431, "hairColour:*+NO_hasSuit:*": -0.01840168249849124, "hasSuit:*+type:*": -0.25653426772726567, "hasHair:*+NO_age:*": -0.070626106650863801, "age:*+NO_hasSuit:*": -0.30879822155282971, "NO_hasTie:*+NO_age:*": 0.38214087858742996, "hasSuit:*+x-dimension:*": -0.22235128189010495, "hasTie:*+NO_hasGlasses:*": -0.31273976798361663, "age:*+type:*": -0.14950756344786617, "y-dimension:*+NO_hasGlasses:*": -0.12384433332902914, "hasHair:*+NO_hasGlasses:*": -0.18451340428699586, "NO_hasSuit:*+NO_y-dimension:*": 0.032487962443703999, "orientation:*+hasShirt:*": -0.037992540207135488, "NO_hasSuit:*+NO_type:*": -0.16936563918316139, "NO_hasTie:*+NO_hasBeard:*": 0.12100588691515629, "NO_age:*+NO_x-dimension:*": 0.23045875592523557, "#:1": -0.12867448961181852, "hasBeard:*+hasTie:*": -0.25020068575047444, "hasBeard:*+NO_hasGlasses:*": 0.010710947087296687, "NO_hasShirt:*+NO_hasBeard:*": 0.11780644501314823, "hasHair:*+hasSuit:*": -0.20350779844626407, "type:*+NO_hairColour:*": 0.075979491768355986, "hasBeard:*+x-dimension:*": -0.30614843589814011, "hasTie:*+y-dimension:*": -0.29520105894704668, "hasHair:*+hasTie:*": -0.20450908696062617, "y-dimension:*+NO_type:*": -0.25622879290824807, "NO_hasTie:*+NO_type:*": -0.16862839336279389, "age:*+hasHair:*": -0.037659137565312646, "NO_hasBeard:*+NO_hasGlasses:*": -0.43704055895573002, "hasSuit:*+hasShirt:*": -0.16488297447581457, "hasBeard:*+hasHair:*": -0.040412496520765569, "NO_hasGlasses:*+NO_orientation:*": 0.04253263569008936, "y-dimension:*+NO_hasBeard:*": 0.15831848429146123, "NO_hasBeard:*+NO_hasHair:*": 0.048281889793534663, "hasTie:*+NO_hasBeard:*": -0.36138359133919612, "NO_x-dimension:*+NO_orientation:*": 0.24932510385823484, "y-dimension:*": 0.46153833790763693, "y-dimension:*+type:*": -2.9096044353762396e-07, "NO_age:*+NO_hairColour:*": 0.12469323837235678, "orientation:*+NO_y-dimension:*": -0.17626979887486538, "hasShirt:*+NO_x-dimension:*": -0.39536190714375941, "hairColour:*+NO_y-dimension:*": 0.10250150737899982, "hasShirt:*+hasHair:*": -0.0043467932076211701, "y-dimension:*+hairColour:*": -2.9096044353762396e-07, "NO_hasShirt:*+NO_x-dimension:*": 0.26789078241133846, "x-dimension:*+type:*": -2.9096044353762396e-07, "type:*+NO_hasGlasses:*": -0.14623603985362715, "hasSuit:*+NO_hasHair:*": -0.34458519212673067, "age:*+NO_hairColour:*": -0.27672810411909443, "hasGlasses:*+hasBeard:*": 0.35883238785545085, "hasTie:*+orientation:*": -0.1348395196893018, "hasBeard:*+NO_y-dimension:*": 0.095151393709933446, "hasSuit:*+NO_hasShirt:*": -0.41742573690305701, "NO_orientation:*+NO_hasHair:*": 0.31258170518088957, "hasShirt:*+NO_y-dimension:*": -0.26029906618784554, "orientation:*": -0.42264597234430823, "hasBeard:*+hasShirt:*": -0.24994498164806336, "x-dimension:*": -0.30869673049296226, "type:*+NO_hasHair:*": 0.1683279105985217, "NO_y-dimension:*+NO_hasGlasses:*": -0.023167655439040657, "NO_hairColour:*+NO_type:*": -0.13001780094625714, "age:*+NO_x-dimension:*": -0.26217623908852383, "type:*+NO_y-dimension:*": 0.083998305324411646, "hasTie:*+NO_hasSuit:*": -0.4968368254350311, "hairColour:*": -0.4062402363619021, "hairColour:*+NO_x-dimension:*": 0.032986341942153746, "NO_hasSuit:*+NO_hairColour:*": 0.13687993022702372, "hasTie:*+NO_orientation:*": -0.36107084556332797, "hasBeard:*+NO_age:*": 0.085481471803300152, "hasGlasses:*+NO_hasBeard:*": 0.10130815571517755, "x-dimension:*+y-dimension:*": 0.00026092445102042109, "hasTie:*+NO_age:*": -0.36079433050285697, "hasHair:*+age:*": -0.18702590701114258, "hasTie:*+NO_hasHair:*": -0.34551828576099008, "NO_hasSuit:*+NO_hasBeard:*": 0.099252970349652969, "hasHair:*+hasBeard:*": -0.26306534478725141, "NO_hasTie:*+NO_hasHair:*": 0.27958557465984979, "orientation:*+NO_hasBeard:*": -0.48330620419302966, "hasHair:*+type:*": -0.084885215278288309, "y-dimension:*+NO_hasSuit:*": 0.09872848848697377, "type:*+NO_hasShirt:*": 0.25166040631443298, "hasShirt:*+x-dimension:*": -0.22308932875399617, "NO_hairColour:*+NO_hasHair:*": 0.25713441525811809, "NO_y-dimension:*+NO_hasHair:*": -0.090119124084493699, "age:*+hasSuit:*": -0.022762828695638969, "hasBeard:*+NO_type:*": -0.28070860469270809, "NO_age:*+NO_hasGlasses:*": 0.075938971565195607, "hasGlasses:*+NO_x-dimension:*": 0.18723932559764919, "hasSuit:*": -0.41746781379997761, "NO_hasSuit:*+NO_hasHair:*": 0.27188832397034107, "hasShirt:*+age:*": -0.0014779226755159958, "y-dimension:*+NO_x-dimension:*": -0.12235643762852073, "type:*+NO_hasBeard:*": 0.025884281093008801, "hasHair:*+y-dimension:*": -0.10934299820496048, "orientation:*+NO_hairColour:*": -0.54884353944780051, "hasSuit:*+NO_x-dimension:*": -0.36065587000777044, "age:*+NO_hasBeard:*": -0.27245048523826088, "hasSuit:*+NO_hasGlasses:*": -0.47005529648893263, "NO_hasGlasses:*+NO_hasBeard:*": 0.0067559428674595686, "hairColour:*+NO_hasShirt:*": -0.021429738473224342, "hasBeard:*": -0.064776011693459298, "x-dimension:*+NO_y-dimension:*": -0.52678722016318225, "orientation:*+hasBeard:*": -0.10987589432967558, "type:*+NO_hasTie:*": 0.25071808002426516, "type:*+hasSuit:*": -0.0030251853104050295, "hasGlasses:*+type:*": 0.48494292729305283, "hasBeard:*+y-dimension:*": 0.40931676508270604, "hasGlasses:*+y-dimension:*": 0.48612413331500864, "hasTie:*+NO_hasShirt:*": -0.41681021437873883, "hasGlasses:*+NO_hasHair:*": 0.079409664204668301, "hasSuit:*+age:*": -0.14927718588422076, "hasGlasses:*+hasSuit:*": -0.32168454552151349, "#:6": 0.00018793085466640709, "hasTie:*": -0.41965383597775918, "NO_hasHair:*+NO_type:*": -0.11604376339379278, "hasSuit:*+hasBeard:*": -0.23380135582125836, "NO_orientation:*+NO_type:*": -0.16733400076796698, "hasSuit:*+NO_hairColour:*": -0.33524120435917187, "orientation:*+hasTie:*": -0.037910120740059852, "type:*+NO_x-dimension:*": 0.31822817871018505, "hasBeard:*+NO_orientation:*": 0.058714622747066077, "hasSuit:*+NO_hasBeard:*": -0.29592554761965528, "hairColour:*+hasTie:*": -0.172161510413294, "x-dimension:*+orientation:*": -0.17767114093314912, "#:2": -0.15576486182685223, "NO_y-dimension:*+NO_x-dimension:*": 0.144090483179666, "age:*+NO_y-dimension:*": -0.13719984069411365, "age:*+NO_hasTie:*": -0.30854242176469687, "x-dimension:*+NO_hairColour:*": 0.040412410565650876, "NO_hasShirt:*+NO_type:*": -0.17239241925716906, "hasShirt:*+NO_hasGlasses:*": -0.37863490658349747,