{"hasShirt:*+NO_hasSuit:*": -0.017701729437824276, "hasShirt:*+hasBeard:*": -0.007498257776077936, "orientation:*+NO_age:*": -0.007784097128878813, "hasShirt:*+NO_x-dimension:*": -0.009587038525055649, "NO_hairColour:*+NO_y-dimension:*": 0.0, "age:*+orientation:*": 0.0, "hairColour:*+NO_hasTie:*": 0.0010326032642625745, "NO_x-dimension:*+NO_type:*": 0.0077286405805128255, "NO_hasTie:*+NO_hasGlasses:*": 0.00812789978830499, "NO_hairColour:*+NO_hasGlasses:*": 0.0, "hasHair:*+type:*": 0.010790008898349355, "hasSuit:*+type:*": -0.007870392211728888, "NO_hasTie:*+NO_age:*": 0.015557328536463362, "hasGlasses:*+hasHair:*": 0.00043772731929514816, "NO_type:*+NO_hasSuit:*": 0.0, "#:9": -0.007498257776077936, "NO_hasSuit:*+NO_y-dimension:*": 0.01669783859403658, "#:2": -0.028722286571800346, "NO_hasShirt:*+NO_hasBeard:*": 0.008303255088185557, "NO_age:*+NO_x-dimension:*": 0.025328331577033066, "#:1": -0.13050563112380173, "#:6": 0.20755887283991675, "hasBeard:*+NO_hasGlasses:*": 0.026036984213463826, "#:4": -0.04312674275701672, "#:5": -0.06712985371166606, "type:*+NO_hairColour:*": -0.0011754070773602194, "hasBeard:*+x-dimension:*": -0.00783310136695234, "type:*+orientation:*": 0.018155554977000506, "orientation:*+y-dimension:*": -0.008042775236245941, "NO_hasBeard:*+NO_hasHair:*": -0.018977006141789113, "NO_orientation:*+NO_hasShirt:*": 0.0, "hasShirt:*+NO_y-dimension:*": -0.002088780748977721, "NO_age:*+NO_orientation:*": 0.023488617552593485, "hasTie:*+NO_hasSuit:*": -0.009114688288473933, "x-dimension:*+hasTie:*": 0.0, "hasGlasses:*+NO_hasBeard:*": 0.015521568529560534, "hasTie:*+NO_age:*": 0.00014719188725129814, "hasHair:*+age:*": 0.0, "NO_hasSuit:*+NO_hasBeard:*": -0.0014943528606919994, "y-dimension:*+NO_hasSuit:*": -0.009164764565346137, "NO_x-dimension:*+NO_y-dimension:*": 0.0, "NO_type:*+NO_hasHair:*": 0.0, "y-dimension:*+hasBeard:*": -0.007506929277684541, "hasBeard:*+hasSuit:*": 0.0, "hasGlasses:*+hasSuit:*": 0.02730116645319745, "hasBeard:*+NO_orientation:*": 0.00022226231994238593, "NO_orientation:*+NO_hasTie:*": 0.0, "age:*+NO_y-dimension:*": -5.4983445019028374e-05, "type:*+hasHair:*": 0.034891070929426386, "orientation:*+NO_hairColour:*": 0.001429595371807007, "y-dimension:*+orientation:*": 0.0, "hasHair:*+hasSuit:*": 0.0, "hasShirt:*+hairColour:*": -0.016850178458370186, "orientation:*+hasGlasses:*": -0.017896876869633333, "hasShirt:*+NO_type:*": -0.017456343761389777, "age:*+hairColour:*": -0.01570597812531269, "hasGlasses:*+x-dimension:*": 0.009481470111877917, "NO_hasGlasses:*+NO_age:*": 0.0, "NO_x-dimension:*+NO_hasGlasses:*": 0.018107679704055323, "hasGlasses:*+NO_hairColour:*": 0.0075061353721281865, "hasSuit:*+y-dimension:*": 0.0019918169032243993, "NO_hasShirt:*+NO_hairColour:*": 0.016298078713305564, "NO_hairColour:*+NO_orientation:*": 0.0, "hasTie:*+hasSuit:*": 0.0, "hasSuit:*+hasTie:*": 0.0017636223996472307, "NO_age:*+NO_hasShirt:*": 0.0, "hasHair:*+NO_type:*": -0.04315926572219077, "hasBeard:*+hairColour:*": 0.0, "hairColour:*+NO_hasHair:*": -0.042672055320799124, "NO_hasBeard:*+NO_hairColour:*": 0.02145558595593441, "#:8": 0.0, "hasShirt:*+NO_hairColour:*": -0.00048050351919790604, "age:*+hasTie:*": 0.0, "x-dimension:*+NO_hasHair:*": -0.01835402148876716, "hasGlasses:*+NO_hasSuit:*": -0.019437234565425895, "y-dimension:*+x-dimension:*": -0.018135127334357463, "hairColour:*+y-dimension:*": 0.009730676419541805, "NO_hasGlasses:*+NO_hairColour:*": 0.008311439821979405, "hasBeard:*+NO_hairColour:*": -0.005638010761826927, "#:3": -0.01766155126327161, "NO_hasBeard:*+NO_hasGlasses:*": -0.005866877337383652, "#:0": 0.08708545036371793, "NO_x-dimension:*+NO_hasBeard:*": 0.008404148374072665, "orientation:*+x-dimension:*": -0.008042775236245941, "NO_hasSuit:*+NO_hasTie:*": 0.016647762317164323, "hairColour:*+NO_hasBeard:*": -0.02298475506923908, "#:7": 0.0, "x-dimension:*+NO_age:*": -0.009623811153318406, "NO_y-dimension:*+NO_orientation:*": 0.006914269554754661, "x-dimension:*+hasHair:*": -0.025733475162673235, "NO_hasBeard:*+NO_hasTie:*": 0.0, "NO_type:*+NO_hasTie:*": 0.0, "hasGlasses:*": -0.00898624657059863, "age:*+NO_hasTie:*": -0.008206262647636778, "NO_hasTie:*+NO_hasBeard:*": 0.008032530326309587, "hasGlasses:*+hasShirt:*": 0.017221225918626373, "hasShirt:*+NO_hasGlasses:*": -0.017701729437824276, "hasGlasses:*+hasTie:*": 0.008640765787249921, "x-dimension:*+hasGlasses:*": -0.02634284768359233, "hasHair:*+hasBeard:*": 0.02789642195450095, "NO_orientation:*+NO_age:*": 0.0, "age:*+NO_hasHair:*": -0.0005158690741231404, "type:*+NO_age:*": 0.007958599966306145, "hairColour:*+orientation:*": -0.009213692500685825, "hasHair:*+NO_age:*": 0.017710465455176454, "NO_x-dimension:*+NO_age:*": 0.0, "NO_hasSuit:*+NO_type:*": 0.0002867745595655689, "NO_hasGlasses:*+NO_hasHair:*": 0.006902159784308901, "hasBeard:*+hasTie:*": 0.009708891326865518, "NO_hasBeard:*+NO_y-dimension:*": 0.0, "hasHair:*+hasTie:*": 0.0, "NO_hasGlasses:*+NO_y-dimension:*": 0.0, "hasSuit:*+hasShirt:*": -0.016850178458370186, "age:*+type:*": 0.010200367020947296, "y-dimension:*+NO_type:*": -0.023033132987149204, "NO_x-dimension:*+NO_orientation:*": 0.02572413259780379, "orientation:*+NO_y-dimension:*": 0.0002586781073671375, "NO_hasGlasses:*+NO_x-dimension:*": 0.0, "x-dimension:*+type:*": -0.02634284768359233, "hasSuit:*+NO_hasHair:*": -3.481625261254251e-05, "age:*+NO_x-dimension:*": 0.0006544791281377821, "hairColour:*": 0.24547439029640575, "NO_hasSuit:*+NO_hairColour:*": 0.006500470764427912, "NO_hasHair:*+NO_hasTie:*": 0.0, "hairColour:*+NO_age:*": 0.007578796504718628, "NO_hasGlasses:*+NO_hasTie:*": 0.0, "hasSuit:*+orientation:*": 0.0, "NO_y-dimension:*+NO_hasHair:*": -0.0007028934543402872, "hasSuit:*+NO_hasGlasses:*": -0.017984062023517672, "NO_age:*+NO_hasGlasses:*": 0.03255066079499966, "hasShirt:*+age:*": -0.007498257776077936, "NO_type:*+NO_hasShirt:*": 0.0, "hasBeard:*+hasGlasses:*": -0.0336115264965527, "hasBeard:*": 0.0015291691133045623, "type:*+hasSuit:*": 0.017221225918626373, "hasTie:*+NO_hasShirt:*": -0.007722113349082821, "NO_orientation:*+NO_hasBeard:*": 0.0, "age:*+y-dimension:*": -0.008151279202617724, "hasSuit:*+NO_hairColour:*": 0.00931710442967972, "#:10": 0.0, "#:11": 0.0, "#:12": 0.0, "NO_y-dimension:*+NO_x-dimension:*": 0.039921718436425134, "NO_hasSuit:*+NO_x-dimension:*": 0.024604236408233497, "hasTie:*+NO_hasGlasses:*": 0.000858346782293617, "hasHair:*+NO_hasShirt:*": 0.01002007188166286, "type:*+NO_hasBeard:*": -0.009604489280209313, "hasShirt:*": -0.017330681977568083, "type:*+x-dimension:*": 0.017187552958878645, "y-dimension:*+NO_hasHair:*": -0.0018189206512446699, "age:*+NO_type:*": -0.024343053633430898, "orientation:*+NO_x-dimension:*": 0.0002586781073671375, "type:*+NO_orientation:*": 0.016338455068655288, "y-dimension:*+type:*": -0.018135127334357463, "NO_type:*+NO_hasGlasses:*": 0.0, "y-dimension:*+NO_hairColour:*": 0.00872976102877189, "hasBeard:*+NO_hasHair:*": 0.016455192036204203, "NO_hasHair:*+NO_hasShirt:*": 0.0, "NO_age:*+NO_y-dimension:*": 0.0, "NO_hairColour:*+NO_hasShirt:*": 0.0, "y-dimension:*+NO_x-dimension:*": -0.013938907731254165, "orientation:*+NO_hasSuit:*": -0.007784097128878813, "type:*+NO_hasSuit:*": 0.007246299469124888, "y-dimension:*+NO_orientation:*": 0.0008698275741241912, "NO_hasGlasses:*+NO_type:*": 0.006700632102715475, "NO_hasTie:*+NO_orientation:*": 0.01513516301770541, "NO_hasSuit:*+NO_orientation:*": 0.015317171157569254, "NO_hasTie:*+NO_y-dimension:*": -0.001824788769701404, "orientation:*+hairColour:*": 0.0, "NO_hairColour:*+NO_hasTie:*": 0.0, "hasShirt:*+NO_hasTie:*": -0.017701729437824276, "orientation:*+NO_hasShirt:*": -0.007784097128878813, "hasGlasses:*+age:*": 0.023565871925999127, "type:*+hasTie:*": 0.01813717042678053, "hasTie:*+hairColour:*": -0.016850178458370186, "hasSuit:*+NO_hasBeard:*": -3.481625261254251e-05, "NO_hasSuit:*+NO_hasShirt:*": 0.025234803466514723, "NO_hasHair:*+NO_hasBeard:*": 0.0, "NO_y-dimension:*+NO_age:*": 0.007227931107140753,