{"hasShirt:*+NO_hasSuit:*": -0.023941744768282532, "hasShirt:*+hasBeard:*": 0.0, "orientation:*+NO_age:*": 0.0001816522971266986, "hasShirt:*+NO_x-dimension:*": 0.008793816348010608, "NO_hairColour:*+NO_y-dimension:*": 0.0, "age:*+orientation:*": -0.007805844181382821, "hairColour:*+NO_hasTie:*": -0.008475833819569602, "NO_x-dimension:*+NO_type:*": -0.001029249527307691, "NO_hasTie:*+NO_hasGlasses:*": -0.001181546168014453, "NO_hairColour:*+NO_hasGlasses:*": 0.0, "hasHair:*+type:*": -0.006596896912036055, "hasSuit:*+type:*": -0.016037216147839463, "NO_hasTie:*+NO_age:*": 0.015192032958873964, "hasGlasses:*+hasHair:*": 0.0009256932021341081, "NO_type:*+NO_hasSuit:*": 0.0, "#:9": 0.0, "NO_hasSuit:*+NO_y-dimension:*": 0.04325766624521792, "#:2": -0.05493336794022966, "NO_hasShirt:*+NO_hasBeard:*": 0.006280036093583767, "NO_age:*+NO_x-dimension:*": 0.02616673552205698, "#:1": -0.1398075440452361, "#:6": 0.21735570286075714, "hasBeard:*+NO_hasGlasses:*": 0.006726608631210753, "#:4": -0.032177849728912064, "#:5": -0.041665762318402084, "type:*+NO_hairColour:*": -0.0028828014793503207, "hasBeard:*+x-dimension:*": -0.016384202451282692, "type:*+orientation:*": 0.0006117026842696795, "orientation:*+y-dimension:*": -0.016838242757730944, "NO_hasBeard:*+NO_hasHair:*": -0.018960988596278497, "NO_orientation:*+NO_hasShirt:*": 0.0, "hasShirt:*+NO_y-dimension:*": 0.008793816348010608, "NO_age:*+NO_orientation:*": 0.007399552077368718, "hasTie:*+NO_hasSuit:*": -0.02382776779538167, "x-dimension:*+hasTie:*": 0.0, "hasGlasses:*+NO_hasBeard:*": -0.002932768409626322, "hasTie:*+NO_age:*": -0.007610828584378578, "hasHair:*+age:*": 0.0, "NO_hasSuit:*+NO_hasBeard:*": -0.010627541868108159, "y-dimension:*+NO_hasSuit:*": -0.03491431506487698, "NO_x-dimension:*+NO_y-dimension:*": 0.0, "NO_type:*+NO_hasHair:*": 0.0, "y-dimension:*+hasBeard:*": -0.008650245030153972, "hasBeard:*+hasSuit:*": 0.0, "hasGlasses:*+hasSuit:*": 0.03393336052247586, "hasBeard:*+NO_orientation:*": 0.010438274676526312, "NO_orientation:*+NO_hasTie:*": 0.0, "age:*+NO_y-dimension:*": -8.294659841745093e-05, "type:*+hasHair:*": 0.05230889216904153, "orientation:*+NO_hairColour:*": 0.00090190618410448, "y-dimension:*+orientation:*": 0.0, "hasHair:*+hasSuit:*": 0.0, "hasShirt:*+hairColour:*": 0.0, "orientation:*+hasGlasses:*": -0.00832344238435312, "hasShirt:*+NO_type:*": -0.016693823581150943, "age:*+hairColour:*": -0.008887796869424902, "hasGlasses:*+x-dimension:*": -0.007550735344976269, "NO_hasGlasses:*+NO_age:*": 0.0, "NO_x-dimension:*+NO_hasGlasses:*": 0.010014324663739424, "hasGlasses:*+NO_hairColour:*": 0.017001333015289645, "hasSuit:*+y-dimension:*": 0.016763437853181854, "NO_hasShirt:*+NO_hairColour:*": 0.03274604688348014, "NO_hairColour:*+NO_orientation:*": 0.0, "hasTie:*+hasSuit:*": 0.0, "hasSuit:*+hasTie:*": 0.016216939211003124, "NO_age:*+NO_hasShirt:*": 0.0, "hasHair:*+NO_type:*": -0.04315727992135165, "hasBeard:*+hairColour:*": 0.0, "hairColour:*+NO_hasHair:*": -0.023946988684047026, "NO_hasBeard:*+NO_hairColour:*": 0.03259344930978801, "#:8": 0.0, "hasShirt:*+NO_hairColour:*": -0.008006702637571838, "age:*+hasTie:*": 0.0, "x-dimension:*+NO_hasHair:*": -0.018199796474420264, "hasGlasses:*+NO_hasSuit:*": -0.01485509301885507, "y-dimension:*+x-dimension:*": -0.00780992546741437, "hairColour:*+y-dimension:*": -0.017590259669125873, "NO_hasGlasses:*+NO_hairColour:*": 0.007738011230618678, "hasBeard:*+NO_hairColour:*": -0.007854105063879836, "#:3": -0.035791309317074416, "NO_hasBeard:*+NO_hasGlasses:*": -0.006638285072448203, "#:0": 0.087020130489097, "NO_x-dimension:*+NO_hasBeard:*": 0.008171670383383713, "orientation:*+x-dimension:*": -0.016838242757730944, "NO_hasSuit:*+NO_hasTie:*": 0.03217111897572244, "hairColour:*+NO_hasBeard:*": -0.04296162979813461, "#:7": 0.0, "x-dimension:*+NO_age:*": -0.018585531147561528, "NO_y-dimension:*+NO_orientation:*": 0.008936826338220268, "x-dimension:*+hasHair:*": -0.04388422015819767, "NO_hasBeard:*+NO_hasTie:*": 0.0, "NO_type:*+NO_hasTie:*": 0.0, "hasGlasses:*": 0.0007088034475094077, "age:*+NO_hasTie:*": -0.0075812043744953265, "NO_hasTie:*+NO_hasBeard:*": 0.005254250741882009, "hasGlasses:*+hasShirt:*": -0.009578129545959128, "hasShirt:*+NO_hasGlasses:*": 0.00938314225610363, "hasGlasses:*+hasTie:*": -0.0080835713048836, "x-dimension:*+hasGlasses:*": -0.01669772233683924, "hasHair:*+hasBeard:*": 0.033563065578489176, "NO_orientation:*+NO_age:*": 0.0, "age:*+NO_hasHair:*": 0.0013065924949295354, "type:*+NO_age:*": 0.007987146304669023, "hairColour:*+orientation:*": -0.008526098068360587, "hasHair:*+NO_age:*": 0.011442512205078744, "NO_x-dimension:*+NO_age:*": 0.0, "NO_hasSuit:*+NO_type:*": -0.009171538481663135, "NO_hasGlasses:*+NO_hasHair:*": -0.00233782558102908, "hasBeard:*+hasTie:*": 0.008011602645849993, "NO_hasBeard:*+NO_y-dimension:*": 0.0, "hasHair:*+hasTie:*": 0.0, "NO_hasGlasses:*+NO_y-dimension:*": 0.0, "hasSuit:*+hasShirt:*": 0.0, "age:*+type:*": 0.0014560287081298035, "y-dimension:*+NO_type:*": -0.03533080339175229, "NO_x-dimension:*+NO_orientation:*": 0.025757534919589604, "orientation:*+NO_y-dimension:*": 0.009214050873474815, "NO_hasGlasses:*+NO_x-dimension:*": 0.0, "x-dimension:*+type:*": -0.01669772233683924, "hasSuit:*+NO_hasHair:*": 0.009877713079632873, "age:*+NO_x-dimension:*": 0.008804850271007419, "hairColour:*": 0.41036060902412896, "NO_hasSuit:*+NO_hairColour:*": 0.006258918606172939, "NO_hasHair:*+NO_hasTie:*": 0.0, "hairColour:*+NO_age:*": -0.008290035778240059, "NO_hasGlasses:*+NO_hasTie:*": 0.0, "hasSuit:*+orientation:*": 0.0, "NO_y-dimension:*+NO_hasHair:*": 0.0016144364597865724, "hasSuit:*+NO_hasGlasses:*": -0.02390724764670531, "NO_age:*+NO_hasGlasses:*": 0.01519198090123416, "hasShirt:*+age:*": 0.0, "NO_type:*+NO_hasShirt:*": 0.0, "hasBeard:*+hasGlasses:*": -0.0169736874145071, "hasBeard:*": 0.010368180488346491, "type:*+hasSuit:*": 0.016216939211003124, "hasTie:*+NO_hasShirt:*": -0.02382776779538167, "NO_orientation:*+NO_hasBeard:*": 0.0, "age:*+y-dimension:*": -0.007498257776077936, "hasSuit:*+NO_hairColour:*": 0.01848042563973538, "#:10": 0.0, "#:11": 0.0, "#:12": 0.0, "NO_y-dimension:*+NO_x-dimension:*": 0.04201375699079879, "NO_hasSuit:*+NO_x-dimension:*": 0.02720060313817168, "hasTie:*+NO_hasGlasses:*": 0.00047274272050503536, "hasHair:*+NO_hasShirt:*": 0.011414176030296477, "type:*+NO_hasBeard:*": -0.017357577854187515, "hasShirt:*": -0.007724805557279378, "type:*+x-dimension:*": -0.0016085002583651527, "y-dimension:*+NO_hasHair:*": -0.004169151795440412, "age:*+NO_type:*": -0.017288670794994063, "orientation:*+NO_x-dimension:*": 0.009214050873474815, "type:*+NO_orientation:*": 0.025406352425251074, "y-dimension:*+type:*": -0.026179389523525776, "NO_type:*+NO_hasGlasses:*": 0.0, "y-dimension:*+NO_hairColour:*": 0.018088953713532634, "hasBeard:*+NO_hasHair:*": 0.0164062732606246, "NO_hasHair:*+NO_hasShirt:*": 0.0, "NO_age:*+NO_y-dimension:*": 0.0, "NO_hairColour:*+NO_hasShirt:*": 0.0, "y-dimension:*+NO_x-dimension:*": -0.007042171197734514, "orientation:*+NO_hasSuit:*": -0.0076241918842561195, "type:*+NO_hasSuit:*": 0.01751488966200394, "y-dimension:*+NO_orientation:*": -0.00131263445396408, "NO_hasGlasses:*+NO_type:*": 0.006578367928491738, "NO_hasTie:*+NO_orientation:*": 0.015235020468634664, "NO_hasSuit:*+NO_orientation:*": 0.015967543064596985, "NO_hasTie:*+NO_y-dimension:*": 0.018222845870728588, "orientation:*+hairColour:*": 0.0, "NO_hairColour:*+NO_hasTie:*": 0.0, "hasShirt:*+NO_hasTie:*": -0.023941744768282532, "orientation:*+NO_hasShirt:*": -0.0076241918842561195, "hasGlasses:*+age:*": 0.017207376843673003, "type:*+hasTie:*": 0.01015582532882819, "hasTie:*+hairColour:*": 0.0, "hasSuit:*+NO_hasBeard:*": 0.00025936137976166916, "NO_hasSuit:*+NO_hasShirt:*": 0.03228509594862341, "NO_hasHair:*+NO_hasBeard:*": 0.0, "NO_y-dimension:*+NO_age:*": 0.018233823810112498, "y-dimension:*+NO_hasShirt:*": -0.0016322553064050688, "NO_orientation:*+NO_hairColour:*": 0.023837438061803832,