{"hasShirt:*+NO_hasSuit:*": -0.016540359463952586, "hasShirt:*+hasBeard:*": 0.0, "orientation:*+NO_age:*": -0.009507067859904319, "hasShirt:*+NO_x-dimension:*": 0.0014581267764629522, "NO_hairColour:*+NO_y-dimension:*": 0.0, "age:*+orientation:*": -0.007824601645259588, "hairColour:*+NO_hasTie:*": -0.02739913608368814, "NO_x-dimension:*+NO_type:*": 0.00866698550805717, "NO_hasTie:*+NO_hasGlasses:*": 0.01667309106690507, "NO_hairColour:*+NO_hasGlasses:*": 0.0, "hasHair:*+type:*": -0.017255923751032905, "hasSuit:*+type:*": -0.00885323544239018, "NO_hasTie:*+NO_age:*": 0.025073045158404188, "hasGlasses:*+hasHair:*": -0.008221878119563594, "NO_type:*+NO_hasSuit:*": 0.0, "#:9": 0.0, "NO_hasSuit:*+NO_y-dimension:*": 0.00662670911394414, "#:2": -0.054091663101525, "NO_hasShirt:*+NO_hasBeard:*": 0.015844302771271353, "NO_age:*+NO_x-dimension:*": 0.017153769561937003, "#:1": -0.12902309453188263, "#:6": 0.2090715521311683, "hasBeard:*+NO_hasGlasses:*": 0.005940476432331027, "#:4": -0.06213390928857191, "#:5": -0.03402962434956405, "type:*+NO_hairColour:*": 0.01737004516349676, "hasBeard:*+x-dimension:*": -0.017228894153055778, "type:*+orientation:*": 0.009773791262360696, "orientation:*+y-dimension:*": -0.009742363895072192, "NO_hasBeard:*+NO_hasHair:*": 0.002354706396249321, "NO_orientation:*+NO_hasShirt:*": 0.0, "hasShirt:*+NO_y-dimension:*": 0.0014581267764629522, "NO_age:*+NO_orientation:*": 0.026821784050704685, "hasTie:*+NO_hasSuit:*": -0.03474274442534793, "x-dimension:*+hasTie:*": 0.0, "hasGlasses:*+NO_hasBeard:*": 0.005918873078805521, "hasTie:*+NO_age:*": -0.007758328967603929, "hasHair:*+age:*": 0.0, "NO_hasSuit:*+NO_hasBeard:*": 0.008877450642803798, "y-dimension:*+NO_hasSuit:*": 0.0010575292024385535, "NO_x-dimension:*+NO_y-dimension:*": 0.0, "NO_type:*+NO_hasHair:*": 0.0, "y-dimension:*+hasBeard:*": 0.0003844727162541659, "hasBeard:*+hasSuit:*": 0.0, "hasGlasses:*+hasSuit:*": 0.02639936452336092, "hasBeard:*+NO_orientation:*": 0.0006769163670756875, "NO_orientation:*+NO_hasTie:*": 0.0, "age:*+NO_y-dimension:*": -0.00969551527819353, "type:*+hasHair:*": 0.0358125491878123, "orientation:*+NO_hairColour:*": 0.00021278545604091838, "y-dimension:*+orientation:*": -0.00957813539489402, "hasHair:*+hasSuit:*": 0.0, "hasShirt:*+hairColour:*": -0.009155737049038364, "orientation:*+hasGlasses:*": -0.01673172051218785, "hasShirt:*+NO_type:*": -0.007712729202684819, "age:*+hairColour:*": -0.009975029977012646, "hasGlasses:*+x-dimension:*": -0.00926905571845477, "NO_hasGlasses:*+NO_age:*": 0.0, "NO_x-dimension:*+NO_hasGlasses:*": 0.008972238015645178, "hasGlasses:*+NO_hairColour:*": 0.016174687460459584, "hasSuit:*+y-dimension:*": 0.00025729240882736584, "NO_hasShirt:*+NO_hairColour:*": 0.051115982717312075, "NO_hairColour:*+NO_orientation:*": 0.0, "hasTie:*+hasSuit:*": 0.0, "hasSuit:*+hasTie:*": 0.026984415457743993, "NO_age:*+NO_hasShirt:*": 0.0, "hasHair:*+NO_type:*": -0.02678881963373081, "hasBeard:*+hairColour:*": -0.00957813539489402, "hairColour:*+NO_hasHair:*": -0.051559264764302316, "NO_hasBeard:*+NO_hairColour:*": 0.06019305593699247, "#:8": 0.0, "hasShirt:*+NO_hairColour:*": 0.002183512658756701, "age:*+hasTie:*": 0.0, "x-dimension:*+NO_hasHair:*": 0.009064400207142014, "hasGlasses:*+NO_hasSuit:*": -0.01845844315426928, "y-dimension:*+x-dimension:*": -0.007688777679052848, "hairColour:*+y-dimension:*": -0.008729947831861316, "NO_hasGlasses:*+NO_hairColour:*": 0.03712480791560936, "hasBeard:*+NO_hairColour:*": -0.006893560560923634, "#:3": -0.01627716073430776, "NO_hasBeard:*+NO_hasGlasses:*": -0.006959188068326079, "#:0": 0.08648389987468355, "NO_x-dimension:*+NO_hasBeard:*": -0.0005140887720684589, "orientation:*+x-dimension:*": -0.009742363895072192, "NO_hasSuit:*+NO_hasTie:*": 0.04242698274173049, "hairColour:*+NO_hasBeard:*": -0.05132097755600273, "#:7": 0.0, "x-dimension:*+NO_age:*": 0.00016094662886332635, "NO_y-dimension:*+NO_orientation:*": -0.0033036513960682462, "x-dimension:*+hasHair:*": -0.017979686157911037, "NO_hasBeard:*+NO_hasTie:*": 0.0, "NO_type:*+NO_hasTie:*": 0.0, "hasGlasses:*": -0.008893681734515272, "age:*+NO_hasTie:*": -0.01731471619080032, "NO_hasTie:*+NO_hasBeard:*": 0.008465153118977897, "hasGlasses:*+hasShirt:*": 0.010919739086066362, "hasShirt:*+NO_hasGlasses:*": -0.009042101687874634, "hasGlasses:*+hasTie:*": 0.017326466442114264, "x-dimension:*+hasGlasses:*": 0.0018893577158412102, "hasHair:*+hasBeard:*": 0.02726694352657465, "NO_orientation:*+NO_age:*": 0.0, "age:*+NO_hasHair:*": 0.0020798146732599154, "type:*+NO_age:*": -0.001502806042395246, "hairColour:*+orientation:*": -0.00796631956631076, "hasHair:*+NO_age:*": 0.0111623366671088, "NO_x-dimension:*+NO_age:*": 0.0, "NO_hasSuit:*+NO_type:*": 0.019668179918979692, "NO_hasGlasses:*+NO_hasHair:*": 0.008903997811903073, "hasBeard:*+hasTie:*": -1.5605201325770685e-05, "NO_hasBeard:*+NO_y-dimension:*": 0.0, "hasHair:*+hasTie:*": 0.0, "NO_hasGlasses:*+NO_y-dimension:*": 0.0, "hasSuit:*+hasShirt:*": -0.009155737049038364, "age:*+type:*": -0.0010636221011345187, "y-dimension:*+NO_type:*": -0.016571089503011744, "NO_x-dimension:*+NO_orientation:*": 0.005469424498941222, "orientation:*+NO_y-dimension:*": 0.0019888297848023257, "NO_hasGlasses:*+NO_x-dimension:*": 0.0, "x-dimension:*+type:*": -0.007688777679052848, "hasSuit:*+NO_hasHair:*": -0.007684238316382593, "age:*+NO_x-dimension:*": -0.00969551527819353, "hairColour:*": 0.5550195317683809, "NO_hasSuit:*+NO_hairColour:*": 0.04414913058884463, "NO_hasHair:*+NO_hasTie:*": 0.0, "hairColour:*+NO_age:*": -0.025769972389654165, "NO_hasGlasses:*+NO_hasTie:*": 0.0, "hasSuit:*+orientation:*": -0.007678866054568497, "NO_y-dimension:*+NO_hasHair:*": -0.01933161626241295, "hasSuit:*+NO_hasGlasses:*": -0.017248999736136725, "NO_age:*+NO_hasGlasses:*": 0.03379041568562466, "hasShirt:*+age:*": 0.0, "NO_type:*+NO_hasShirt:*": 0.0, "hasBeard:*+hasGlasses:*": -0.024893791406342344, "hasBeard:*": -0.008872078380989721, "type:*+hasSuit:*": 0.018417996862144254, "hasTie:*+NO_hasShirt:*": -0.01702058878070984, "NO_orientation:*+NO_hasBeard:*": 0.0, "age:*+y-dimension:*": -0.007619200912606778, "hasSuit:*+NO_hairColour:*": 0.009150364787224223, "#:10": 0.0, "#:11": 0.0, "#:12": 0.0, "NO_y-dimension:*+NO_x-dimension:*": 0.031916385851899876, "NO_hasSuit:*+NO_x-dimension:*": 0.015399785008953467, "hasTie:*+NO_hasGlasses:*": -0.00777940933238979, "hasHair:*+NO_hasShirt:*": -2.5619541860859554e-05, "type:*+NO_hasBeard:*": -0.009468134674101118, "hasShirt:*": -0.007278099650846651, "type:*+x-dimension:*": 0.006478328720523577, "y-dimension:*+NO_hasHair:*": 0.027563810459364423, "age:*+NO_type:*": -0.016398342050352652, "orientation:*+NO_x-dimension:*": 0.0019888297848023257, "type:*+NO_orientation:*": 0.01411688446187816, "y-dimension:*+type:*": -0.007688777679052848, "NO_type:*+NO_hasGlasses:*": 0.0, "y-dimension:*+NO_hairColour:*": 0.017733547122180084, "hasBeard:*+NO_hasHair:*": 0.005877487800702085, "NO_hasHair:*+NO_hasShirt:*": 0.0, "NO_age:*+NO_y-dimension:*": 0.0, "NO_hairColour:*+NO_hasShirt:*": 0.0, "y-dimension:*+NO_x-dimension:*": -0.024458131568156346, "orientation:*+NO_hasSuit:*": -0.009652803450595422, "type:*+NO_hasSuit:*": -0.011983941602597066, "y-dimension:*+NO_orientation:*": 0.020635320901232084, "NO_hasGlasses:*+NO_type:*": 0.015457026537180214, "NO_hasTie:*+NO_orientation:*": 0.02508999847276792, "NO_hasSuit:*+NO_orientation:*": 0.01733704176697802, "NO_hasTie:*+NO_y-dimension:*": -0.0013202967747260146, "orientation:*+hairColour:*": -0.00957813539489402, "NO_hairColour:*+NO_hasTie:*": 0.0, "hasShirt:*+NO_hasTie:*": -0.016540359463952586, "orientation:*+NO_hasShirt:*": -0.00983341172908596, "hasGlasses:*+age:*": 0.017557047737321755, "type:*+hasTie:*": 0.026923805731700258, "hasTie:*+hairColour:*": -0.017305386077328355, "hasSuit:*+NO_hasBeard:*": -5.372261814114994e-06, "NO_hasSuit:*+NO_hasShirt:*": 0.0242245977803352, "NO_hasHair:*+NO_hasBeard:*": 0.0, "NO_y-dimension:*+NO_age:*": 0.008380693666927614,