{"hasShirt:*+NO_hasSuit:*": -0.00927821245442771, "hasShirt:*+hasBeard:*": -0.009519883704645073, "orientation:*+NO_age:*": -0.016971120943458824, "hasShirt:*+NO_x-dimension:*": 0.00024167125021737164, "NO_hairColour:*+NO_y-dimension:*": 0.0, "age:*+orientation:*": 0.0, "hairColour:*+NO_hasTie:*": -0.03558664903837602, "NO_x-dimension:*+NO_type:*": -0.00026053993195264744, "NO_hasTie:*+NO_hasGlasses:*": 0.016424003808922737, "NO_hairColour:*+NO_hasGlasses:*": 0.0, "hasHair:*+type:*": -0.013098460750891164, "hasSuit:*+type:*": 0.0008149615340251535, "NO_hasTie:*+NO_age:*": 0.023565594994222647, "hasGlasses:*+hasHair:*": -0.02567717927704359, "NO_type:*+NO_hasSuit:*": 0.0, "#:9": 0.0, "NO_hasSuit:*+NO_y-dimension:*": 0.015796043459935013, "#:2": -0.018472056650263486, "NO_hasShirt:*+NO_hasBeard:*": 0.026437848511980194, "NO_age:*+NO_x-dimension:*": 0.006076763192400099, "#:1": -0.051909725695231626, "#:6": 0.2682262771052778, "hasBeard:*+NO_hasGlasses:*": -0.00449580660120136, "#:4": -0.0665886469618822, "#:5": -0.06050686833607786, "type:*+NO_hairColour:*": 0.026732175062232903, "hasBeard:*+x-dimension:*": -0.016262259385120735, "type:*+orientation:*": -0.00010636311537604258, "orientation:*+y-dimension:*": -0.009336035129387396, "NO_hasBeard:*+NO_hasHair:*": 0.0033792726940277628, "NO_orientation:*+NO_hasShirt:*": 0.0, "hasShirt:*+NO_y-dimension:*": 0.00024167125021737164, "NO_age:*+NO_orientation:*": 0.025029213315399756, "hasTie:*+NO_hasSuit:*": -0.025267946054222785, "x-dimension:*+hasTie:*": 0.0, "hasGlasses:*+NO_hasBeard:*": -0.0034028915111155894, "hasTie:*+NO_age:*": -0.008009244846203824, "hasHair:*+age:*": 0.0, "NO_hasSuit:*+NO_hasBeard:*": 0.007494783542432878, "y-dimension:*+NO_hasSuit:*": -0.008270898232783843, "NO_x-dimension:*+NO_y-dimension:*": 0.0, "NO_type:*+NO_hasHair:*": 0.0, "y-dimension:*+hasBeard:*": -0.009743206678093587, "hasBeard:*+hasSuit:*": 0.0, "hasGlasses:*+hasSuit:*": 0.02685045960801188, "hasBeard:*+NO_orientation:*": 6.643231028273671e-05, "NO_orientation:*+NO_hasTie:*": 0.0, "age:*+NO_y-dimension:*": 0.00963966714715518, "type:*+hasHair:*": 0.04032969545167608, "orientation:*+NO_hairColour:*": -0.007380831549099034, "y-dimension:*+orientation:*": -0.017018141480723, "hasHair:*+hasSuit:*": 0.0, "hasShirt:*+hairColour:*": -0.018935617356470216, "orientation:*+hasGlasses:*": -0.023765246994541113, "hasShirt:*+NO_type:*": -0.009519883704645073, "age:*+hairColour:*": -0.02813266970073473, "hasGlasses:*+x-dimension:*": -0.008074710085225494, "NO_hasGlasses:*+NO_age:*": 0.0, "NO_x-dimension:*+NO_hasGlasses:*": -0.00025948936721828156, "hasGlasses:*+NO_hairColour:*": 0.026243055217434696, "hasSuit:*+y-dimension:*": 0.00021966797837549113, "NO_hasShirt:*+NO_hairColour:*": 0.06061781210977855, "NO_hairColour:*+NO_orientation:*": 0.0, "hasTie:*+hasSuit:*": 0.0, "hasSuit:*+hasTie:*": 0.017258701208019003, "NO_age:*+NO_hasShirt:*": 0.0, "hasHair:*+NO_type:*": -0.04413214178891982, "hasBeard:*+hairColour:*": -0.009519883704645073, "hairColour:*+NO_hasHair:*": -0.024915037959652588, "NO_hasBeard:*+NO_hairColour:*": 0.050217140914907164, "#:8": 0.0, "hasShirt:*+NO_hairColour:*": -0.007498257776077936, "age:*+hasTie:*": 0.0, "x-dimension:*+NO_hasHair:*": 0.01901158513759125, "hasGlasses:*+NO_hasSuit:*": -0.0009057967668402592, "y-dimension:*+x-dimension:*": -0.016119409406112593, "hairColour:*+y-dimension:*": -0.015385749684500363, "NO_hasGlasses:*+NO_hairColour:*": 0.02687649911626593, "hasBeard:*+NO_hairColour:*": 0.010400671194871366, "#:3": -0.06325072168574464, "NO_hasBeard:*+NO_hasGlasses:*": 0.011811136114691223, "NO_x-dimension:*+NO_hasBeard:*": -0.0007651786395820615, "orientation:*+x-dimension:*": -0.009336035129387396, "NO_hasSuit:*+NO_hasTie:*": 0.032793091281373934, "hairColour:*+NO_hasBeard:*": -0.0331950260547521, "#:7": -0.007498257776077936, "x-dimension:*+NO_age:*": 0.001981329179540863, "NO_y-dimension:*+NO_orientation:*": -0.0013318254122432899, "x-dimension:*+hasHair:*": -0.00861057086601297, "NO_hasBeard:*+NO_hasTie:*": -0.007498257776077936, "NO_type:*+NO_hasTie:*": 0.0, "hasGlasses:*": -0.008430941993991402, "age:*+NO_hasTie:*": -0.008058092371940934, "NO_hasTie:*+NO_hasBeard:*": 0.01547714093756347, "hasGlasses:*+hasShirt:*": -0.009476190626043436, "hasShirt:*+NO_hasGlasses:*": 0.00961371182344088, "hasGlasses:*+hasTie:*": 0.017516722264052084, "x-dimension:*+hasGlasses:*": -0.015583835836305104, "hasHair:*+hasBeard:*": 0.03487168470154315, "NO_orientation:*+NO_age:*": 0.0, "age:*+NO_hasHair:*": 0.009579327319482063, "type:*+NO_age:*": -0.0006414918020104295, "hairColour:*+orientation:*": -7.040568971474968e-05, "hasHair:*+NO_age:*": 0.0007365126032881891, "NO_x-dimension:*+NO_age:*": 0.0, "NO_hasSuit:*+NO_type:*": 3.022364798599235e-05, "NO_hasGlasses:*+NO_hasHair:*": -0.00034533019491729414, "hasBeard:*+hasTie:*": 0.0, "NO_hasBeard:*+NO_y-dimension:*": 0.0, "hasHair:*+hasTie:*": 0.0, "NO_hasGlasses:*+NO_y-dimension:*": 0.0, "hasSuit:*+hasShirt:*": -0.007498257776077936, "age:*+type:*": -0.027902835092865817, "y-dimension:*+NO_type:*": -0.01842402193860651, "NO_x-dimension:*+NO_orientation:*": 0.005585058893669236, "orientation:*+NO_y-dimension:*": 0.009383055666651582, "NO_hasGlasses:*+NO_x-dimension:*": 0.0, "x-dimension:*+type:*": -0.015583835836305104, "hasSuit:*+NO_hasHair:*": 0.017715466577218418, "age:*+NO_x-dimension:*": 0.008891351367920786, "hairColour:*": 0.5547230550587698, "NO_hasSuit:*+NO_hairColour:*": 0.025849868987686854, "NO_hasHair:*+NO_hasTie:*": 0.0, "hairColour:*+NO_age:*": -0.008767339262357033, "NO_hasGlasses:*+NO_hasTie:*": 0.0, "hasSuit:*+orientation:*": -0.007498257776077936, "NO_y-dimension:*+NO_hasHair:*": 0.00941123574982695, "hasSuit:*+NO_hasGlasses:*": 0.0, "NO_age:*+NO_hasGlasses:*": 0.024393934930026596, "hasShirt:*+age:*": -0.00941573365182515, "NO_type:*+NO_hasShirt:*": 0.0, "hasBeard:*+hasGlasses:*": -0.03502884109554464, "hasBeard:*": -0.009523857084077086, "type:*+hasSuit:*": 0.0, "hasTie:*+NO_hasShirt:*": -0.008009244846203824, "NO_orientation:*+NO_hasBeard:*": 0.0, "age:*+y-dimension:*": -0.007965133605024098, "hasSuit:*+NO_hairColour:*": 0.027269685346013768, "#:10": 0.0, "#:11": 0.0, "#:12": 0.0, "NO_y-dimension:*+NO_x-dimension:*": 0.021949471557734267, "NO_hasSuit:*+NO_x-dimension:*": -0.002027498479034853, "hasTie:*+NO_hasGlasses:*": -0.007993061814931321, "hasHair:*+NO_hasShirt:*": -0.008578587097005362, "type:*+NO_hasBeard:*": 0.0005816824501100153, "hasShirt:*": -0.016776470230505658, "type:*+x-dimension:*": 0.008665064457221844, "y-dimension:*+NO_hasHair:*": 0.007489671338307833, "age:*+NO_type:*": -0.017009467287141648, "orientation:*+NO_x-dimension:*": 0.009383055666651582, "type:*+NO_orientation:*": 0.03218149322310738, "y-dimension:*+type:*": -0.02567659337930003, "NO_type:*+NO_hasGlasses:*": 0.0, "y-dimension:*+NO_hairColour:*": 0.03503273873795914, "hasBeard:*+NO_hasHair:*": 0.013521634394106998, "NO_hasHair:*+NO_hasShirt:*": 0.0, "NO_age:*+NO_y-dimension:*": 0.0, "NO_hairColour:*+NO_hasShirt:*": 0.0, "y-dimension:*+NO_x-dimension:*": -0.006981356997413395, "orientation:*+NO_hasSuit:*": -0.009472863167380887, "type:*+NO_hasSuit:*": 0.00749492157916512, "y-dimension:*+NO_orientation:*": 0.018302946355702086, "NO_hasGlasses:*+NO_type:*": 0.01745671738149148, "NO_hasTie:*+NO_orientation:*": 0.024980365789662593, "NO_hasSuit:*+NO_orientation:*": 0.01699800839453206, "NO_hasTie:*+NO_y-dimension:*": 0.008067413285680763, "orientation:*+hairColour:*": -0.009519883704645073, "NO_hairColour:*+NO_hasTie:*": -0.007498257776077936, "hasShirt:*+NO_hasTie:*": -0.016776470230505658, "orientation:*+NO_hasShirt:*": 4.702053726419847e-05, "hasGlasses:*+age:*": 0.036037570264828955, "type:*+hasTie:*": 0.01786376721029702, "hasTie:*+hairColour:*": -0.01753290529532452, "hasSuit:*+NO_hasBeard:*": 0.0020290735416441945, "NO_hasSuit:*+NO_hasShirt:*": 0.016803357681578906, "NO_hasHair:*+NO_hasBeard:*": 0.0, "NO_y-dimension:*+NO_age:*": -0.0015884368927468256,