{"hasShirt:*+NO_hasSuit:*": -0.01524242699240311, "hasShirt:*+hasBeard:*": 0.0, "orientation:*+NO_age:*": -0.017498668992506464, "hasShirt:*+NO_x-dimension:*": 3.352229688455477e-06, "NO_hairColour:*+NO_y-dimension:*": 0.0, "age:*+orientation:*": 0.0, "hairColour:*+NO_hasTie:*": -0.016249959709254573, "NO_x-dimension:*+NO_type:*": 0.009529263266936382, "NO_hasTie:*+NO_hasGlasses:*": -0.0022783140658322494, "NO_hairColour:*+NO_hasGlasses:*": 0.0, "hasHair:*+type:*": -0.01863775353133801, "hasSuit:*+type:*": 0.0006389927428699863, "NO_hasTie:*+NO_age:*": 0.01522485781326007, "hasGlasses:*+hasHair:*": -0.017833270505466133, "NO_type:*+NO_hasSuit:*": 0.0, "#:9": 0.0, "NO_hasSuit:*+NO_y-dimension:*": 0.015816288237527853, "#:2": -0.06349933271682627, "NO_hasShirt:*+NO_hasBeard:*": 0.00613513196762063, "NO_age:*+NO_x-dimension:*": 0.025956238307749076, "#:1": -0.10394187783949975, "#:6": 0.20862652575688195, "hasBeard:*+NO_hasGlasses:*": 0.025974745660133115, "#:4": -0.049112759150578784, "#:5": -0.007233992091057089, "type:*+NO_hairColour:*": 0.016235532425567332, "hasBeard:*+x-dimension:*": -0.0334391345957298, "type:*+orientation:*": -0.010653559227842817, "orientation:*+y-dimension:*": -0.01744669747717444, "NO_hasBeard:*+NO_hasHair:*": -0.01771765765972598, "NO_orientation:*+NO_hasShirt:*": 0.0, "hasShirt:*+NO_y-dimension:*": 3.352229688455477e-06, "NO_age:*+NO_orientation:*": 0.02507230205074281, "hasTie:*+NO_hasSuit:*": -0.024134203867738166, "x-dimension:*+hasTie:*": 0.0, "hasGlasses:*+NO_hasBeard:*": 0.015365697188716795, "hasTie:*+NO_age:*": -0.00765122475502378, "hasHair:*+age:*": 0.0, "NO_hasSuit:*+NO_hasBeard:*": -0.001732653993343795, "y-dimension:*+NO_hasSuit:*": -0.008018059024454158, "NO_x-dimension:*+NO_y-dimension:*": 0.0, "NO_type:*+NO_hasHair:*": 0.0, "y-dimension:*+hasBeard:*": -0.009944908111487617, "hasBeard:*+hasSuit:*": 0.0, "hasGlasses:*+hasSuit:*": 0.03415746145309355, "hasBeard:*+NO_orientation:*": 0.009367470616026663, "NO_orientation:*+NO_hasTie:*": 0.0, "age:*+NO_y-dimension:*": 0.00950555255308536, "type:*+hasHair:*": 0.04477949453207458, "orientation:*+NO_hairColour:*": -0.0012521821168688754, "y-dimension:*+orientation:*": 0.0, "hasHair:*+hasSuit:*": 0.0, "hasShirt:*+hairColour:*": 0.0, "orientation:*+hasGlasses:*": -0.007775459159107364, "hasShirt:*+NO_type:*": -0.0076336918809615795, "age:*+hairColour:*": -0.009577177581354531, "hasGlasses:*+x-dimension:*": 0.0020651317699378687, "NO_hasGlasses:*+NO_age:*": 0.0, "NO_x-dimension:*+NO_hasGlasses:*": 0.0192227543624813, "hasGlasses:*+NO_hairColour:*": 0.015388320990925202, "hasSuit:*+y-dimension:*": 7.678258110966299e-05, "NO_hasShirt:*+NO_hairColour:*": 0.033030986508185776, "NO_hairColour:*+NO_orientation:*": 0.0, "hasTie:*+hasSuit:*": 0.0, "hasSuit:*+hasTie:*": 0.016482979112714336, "NO_age:*+NO_hasShirt:*": 0.0, "hasHair:*+NO_type:*": -0.0428613270126771, "hasBeard:*+hairColour:*": 0.0, "hairColour:*+NO_hasHair:*": -0.03356254558565553, "NO_hasBeard:*+NO_hairColour:*": 0.030837966108259368, "#:8": 0.0, "hasShirt:*+NO_hairColour:*": -2.160453983160041e-05, "age:*+hasTie:*": 0.0, "x-dimension:*+NO_hasHair:*": -0.009865579463730553, "hasGlasses:*+NO_hasSuit:*": -0.026338996191565614, "y-dimension:*+x-dimension:*": -0.01770050041434196, "hairColour:*+y-dimension:*": -0.007235091595184944, "NO_hasGlasses:*+NO_hairColour:*": 0.017621060977428965, "hasBeard:*+NO_hairColour:*": 0.002171415860094744, "#:3": -0.0716874891792142, "NO_hasBeard:*+NO_hasGlasses:*": -0.006518008729785432, "#:0": 0.08684892522029396, "NO_x-dimension:*+NO_hasBeard:*": -0.009557790590393881, "orientation:*+x-dimension:*": -0.01744669747717444, "NO_hasSuit:*+NO_hasTie:*": 0.031932433080811916, "hairColour:*+NO_hasBeard:*": -0.03247350485227027, "#:7": 0.0, "x-dimension:*+NO_age:*": -0.01838260524951284, "NO_y-dimension:*+NO_orientation:*": 0.0079932479586764, "x-dimension:*+hasHair:*": -0.02662316806142592, "NO_hasBeard:*+NO_hasTie:*": 0.0, "NO_type:*+NO_hasTie:*": 0.0, "hasGlasses:*": -0.008973509727405512, "age:*+NO_hasTie:*": -0.007573633058236291, "NO_hasTie:*+NO_hasBeard:*": -0.001712772801516214, "hasGlasses:*+hasShirt:*": -0.0004600128284821226, "hasShirt:*+NO_hasGlasses:*": 0.000785253877143344, "hasGlasses:*+hasTie:*": -0.002111073559327931, "x-dimension:*+hasGlasses:*": -0.01770050041434196, "hasHair:*+hasBeard:*": 0.017085307192365822, "NO_orientation:*+NO_age:*": 0.0, "age:*+NO_hasHair:*": 8.529288095141163e-05, "type:*+NO_age:*": 0.008432804806537724, "hairColour:*+orientation:*": -0.016246486875637667, "hasHair:*+NO_age:*": -0.00906066007275282, "NO_x-dimension:*+NO_age:*": 0.0, "NO_hasSuit:*+NO_type:*": 0.007532276575177848, "NO_hasGlasses:*+NO_hasHair:*": 0.007859825233879883, "hasBeard:*+hasTie:*": -0.007728458812529125, "NO_hasBeard:*+NO_y-dimension:*": 0.0, "hasHair:*+hasTie:*": 0.0, "NO_hasGlasses:*+NO_y-dimension:*": 0.0, "hasSuit:*+hasShirt:*": -0.007955580699934314, "age:*+type:*": 8.581574083777671e-07, "y-dimension:*+NO_type:*": -0.024846163352774463, "NO_x-dimension:*+NO_orientation:*": 0.02593658479481191, "orientation:*+NO_y-dimension:*": -5.197151533203518e-05, "NO_hasGlasses:*+NO_x-dimension:*": 0.0, "x-dimension:*+type:*": -0.01770050041434196, "hasSuit:*+NO_hasHair:*": 0.008993745775859836, "age:*+NO_x-dimension:*": -7.162502826917184e-05, "hairColour:*": 0.48891430197298796, "NO_hasSuit:*+NO_hairColour:*": 0.024075872430021947, "NO_hasHair:*+NO_hasTie:*": 0.0, "hairColour:*+NO_age:*": -0.007313045296994312, "NO_hasGlasses:*+NO_hasTie:*": 0.0, "hasSuit:*+orientation:*": 0.0, "NO_y-dimension:*+NO_hasHair:*": -0.0006812166770079568, "hasSuit:*+NO_hasGlasses:*": -0.02516371567723382, "NO_age:*+NO_hasGlasses:*": 0.0164755177573726, "hasShirt:*+age:*": 0.0, "NO_type:*+NO_hasShirt:*": 0.0, "hasBeard:*+hasGlasses:*": -0.026180600421412546, "hasBeard:*": 0.001635538744010883, "type:*+hasSuit:*": 0.015567668041064265, "hasTie:*+NO_hasShirt:*": -0.007340284126053434, "NO_orientation:*+NO_hasBeard:*": 0.0, "age:*+y-dimension:*": -0.007502008029967132, "hasSuit:*+NO_hairColour:*": 0.00893350953833218, "#:10": 0.0, "#:11": 0.0, "#:12": 0.0, "NO_y-dimension:*+NO_x-dimension:*": 0.05156317089616154, "NO_hasSuit:*+NO_x-dimension:*": 0.008927461636831712, "hasTie:*+NO_hasGlasses:*": 0.011251823793237723, "hasHair:*+NO_hasShirt:*": -0.00020229088480045002, "type:*+NO_hasBeard:*": -0.009766493104807553, "hasShirt:*": -0.007630339651273137, "type:*+x-dimension:*": 0.017817763823628777, "y-dimension:*+NO_hasHair:*": 0.017400802688948457, "age:*+NO_type:*": -0.015613441673528924, "orientation:*+NO_x-dimension:*": -5.197151533203518e-05, "type:*+NO_orientation:*": 0.034901631808780406, "y-dimension:*+type:*": -0.02727767799569651, "NO_type:*+NO_hasGlasses:*": 0.0, "y-dimension:*+NO_hairColour:*": 0.026571493147537026, "hasBeard:*+NO_hasHair:*": 0.03443724367166652, "NO_hasHair:*+NO_hasShirt:*": 0.0, "NO_age:*+NO_y-dimension:*": 0.0, "NO_hairColour:*+NO_hasShirt:*": 0.0, "y-dimension:*+NO_x-dimension:*": -0.02567855761668154, "orientation:*+NO_hasSuit:*": -0.017498668992506464, "type:*+NO_hasSuit:*": 0.00026595263789593986, "y-dimension:*+NO_orientation:*": 0.009505421033830017, "NO_hasGlasses:*+NO_type:*": 0.007669747540800861, "NO_hasTie:*+NO_orientation:*": 0.025149893747530325, "NO_hasSuit:*+NO_orientation:*": 0.025296898205580325, "NO_hasTie:*+NO_y-dimension:*": 0.00032655622431826924, "orientation:*+hairColour:*": 0.0, "NO_hairColour:*+NO_hasTie:*": 0.0, "hasShirt:*+NO_hasTie:*": -0.007319399022302753, "orientation:*+NO_hasShirt:*": -0.017498668992506464, "hasGlasses:*+age:*": 0.017965785703902882, "type:*+hasTie:*": 0.024406695207959815, "hasTie:*+hairColour:*": -0.008836394288999301, "hasSuit:*+NO_hasBeard:*": 9.71152493328635e-05, "NO_hasSuit:*+NO_hasShirt:*": 0.023040656205476972, "NO_hasHair:*+NO_hasBeard:*": 0.0, "NO_y-dimension:*+NO_age:*": -0.0015642761097409436, "y-dimension:*+NO_hasShirt:*": -0.00030758456238281703, "NO_orientation:*+NO_hairColour:*": 0.03426156408522297,