{"NO_colour:*+NO_y-dimension:*": -0.63895247425929447, "size:*+NO_x-dimension:*": -0.081304008899740418, "orientation:*+size:*": -0.020051979807232171, "orientation:*": -0.72872796903846071, "size:*+NO_orientation:*": -0.48419306465162554, "NO_size:*+NO_y-dimension:*": 0.17030388830991058, "NO_type:*+NO_orientation:*": -0.29298944884550338, "NO_orientation:*+NO_x-dimension:*": 0.45170503833371761, "y-dimension:*+size:*": 0.0019806335009859488, "x-dimension:*+NO_colour:*": -0.090435541812933576, "y-dimension:*+orientation:*": 0.0019806335009859488, "#:2": 0.5470391584211699, "#:3": -0.027811946969120347, "#:0": 0.00099096286458089751, "NO_type:*+NO_y-dimension:*": -0.66774533588059692, "#:6": 0.0018443690068659993, "NO_x-dimension:*+NO_colour:*": 0.048382002338008948, "#:5": 0.00062533862495830757, "type:*+orientation:*": -0.21644427575022071, "colour:*": 0.74892559298992545, "NO_colour:*+NO_orientation:*": -0.15917602932372557, "orientation:*+y-dimension:*": -0.45509354529969598, "y-dimension:*+NO_size:*": 0.23265018906755716, "y-dimension:*+NO_type:*": -0.25937706189621579, "NO_x-dimension:*+NO_orientation:*": -0.14747498558199096, "y-dimension:*": -0.70286141924786472, "size:*+NO_colour:*": -0.60002165058406476, "orientation:*+NO_y-dimension:*": -0.034300326281905463, "size:*+orientation:*": -0.25711176854382645, "NO_colour:*+NO_x-dimension:*": -0.65753640886192166, "y-dimension:*+NO_colour:*": -0.10836912721275684, "NO_orientation:*+NO_y-dimension:*": 0.11739256408635979, "y-dimension:*+colour:*": 0.0019806335009859488, "orientation:*+NO_x-dimension:*": -0.041868693048902596, "NO_size:*+NO_orientation:*": 0.44428816127349596, "x-dimension:*": -0.69395595157783285, "orientation:*+NO_type:*": -0.63399221081322121, "type:*+NO_y-dimension:*": 0.48707899813356431, "size:*+NO_type:*": -0.50847893006319056, "colour:*+y-dimension:*": 0.0083838922591844608, "type:*+NO_colour:*": -0.49551123774711731, "NO_x-dimension:*+NO_y-dimension:*": 0.59036138800450044, "orientation:*+NO_colour:*": -0.53383236660188538, "x-dimension:*+NO_y-dimension:*": -1.0158793534218569, "NO_type:*+NO_x-dimension:*": -0.70246191233416688, "NO_type:*+NO_size:*": -0.33349072283532677, "NO_size:*+NO_x-dimension:*": 0.32023346976159783, "x-dimension:*+type:*": 0.0019806335009859488, "NO_orientation:*+NO_type:*": 0.048382002338008948, "size:*+type:*": 0.0019806335009859488, "NO_orientation:*+NO_size:*": 0.28505313839041835, "type:*+NO_x-dimension:*": 0.55644957541976325, "x-dimension:*+colour:*": 0.0019806335009859488, "x-dimension:*+y-dimension:*": -0.36114082215340726, "x-dimension:*+orientation:*": -0.27226843619062735, "NO_y-dimension:*+NO_x-dimension:*": 0.048382002338008948, "size:*+colour:*": 0.0019806335009859488, "NO_y-dimension:*+NO_size:*": 0.048382002338008948, "NO_orientation:*+NO_colour:*": 0.048382002338008948, "x-dimension:*+NO_size:*": -0.015697576062996293, "type:*+NO_size:*": 0.44819630691376561, "type:*+x-dimension:*": -0.43132337242341567, "colour:*+NO_x-dimension:*": 0.56024002293357, "type:*": 0.7293248213559913, "type:*+NO_orientation:*": 0.4707601219082877, "NO_size:*+NO_colour:*": 0.048382002338008948, "y-dimension:*+type:*": 0.0019806335009859488, "NO_size:*+NO_type:*": 0.048382002338008948, "orientation:*+NO_size:*": -0.53815348680014119, "orientation:*+x-dimension:*": -0.01975447965843901, "colour:*+NO_type:*": -0.81980318571318578, "NO_y-dimension:*+NO_type:*": 0.048382002338008948, "NO_y-dimension:*+NO_colour:*": 0.048382002338008948, "NO_x-dimension:*+NO_type:*": 0.048382002338008948, "x-dimension:*+NO_type:*": -0.22381566679153031, "size:*": -0.67827949454014524, "colour:*+orientation:*": -0.25255419049541605, "y-dimension:*+NO_x-dimension:*": -0.55583166338605816, "size:*+x-dimension:*": -0.23913122996653149, "type:*+size:*": -0.49542320055364364, "NO_colour:*+NO_size:*": -0.11578456611643206, "y-dimension:*+NO_orientation:*": 0.24923849140971455, "size:*+y-dimension:*": -0.37052449292125789, "orientation:*+type:*": 0.0019806335009859488, "y-dimension:*+x-dimension:*": 0.0019806335009859488, "size:*+NO_y-dimension:*": -0.087115262185474565, "type:*+y-dimension:*": 0.024804476110948721, "colour:*+NO_orientation:*": 0.40864117599149929, "colour:*+NO_y-dimension:*": 0.48296500907567835, "#:1": -0.52954301784991842, "colour:*+type:*": 0.79492110864442578, "x-dimension:*+NO_orientation:*": -0.016933004647364695, "colour:*+x-dimension:*": -0.55520275145170062, "orientation:*+colour:*": 0.0019806335009859488, "#:4": -0.35359140915394743, "colour:*+NO_size:*": 0.35786687414429891, "NO_y-dimension:*+NO_orientation:*": 0.048382002338008948, "NO_colour:*+NO_type:*": -0.11808425529243549, "colour:*+size:*": -0.55201646755307254}