{"NO_colour:*+NO_y-dimension:*": -0.71154033564850094, "size:*+NO_x-dimension:*": -0.00063261006422458911, "orientation:*+size:*": -0.025262429052944797, "orientation:*": -0.67589408000388995, "size:*+NO_orientation:*": -0.42118701555004373, "NO_size:*+NO_y-dimension:*": 0.18071766132336345, "NO_type:*+NO_orientation:*": -0.23335411579768528, "NO_orientation:*+NO_x-dimension:*": 0.46609283510274346, "x-dimension:*+NO_colour:*": -0.11231339955003129, "#:2": 0.57921914027636034, "#:3": -0.2015923191917498, "#:0": 0.0019038759410878162, "NO_type:*+NO_y-dimension:*": -0.72578233732477182, "#:6": 4.2344270714526418e-06, "NO_x-dimension:*+NO_colour:*": 0.049567972874760204, "#:5": 0.00070310379899855672, "type:*+orientation:*": -0.28309151910780772, "colour:*": 0.71088315421709758, "NO_colour:*+NO_orientation:*": -0.13309742387660864, "orientation:*+y-dimension:*": -0.31897435084092174, "y-dimension:*+NO_size:*": 0.098679315134776638, "y-dimension:*+NO_type:*": -0.16854769836444, "NO_x-dimension:*+NO_orientation:*": -0.31079122202669734, "y-dimension:*": -0.64874998422606567, "size:*+NO_colour:*": -0.60863100492015576, "orientation:*+NO_y-dimension:*": -0.068820482350081189, "size:*+orientation:*": -0.3549855007689226, "NO_colour:*+NO_x-dimension:*": -0.5841058965014736, "y-dimension:*+NO_colour:*": -0.066022531985508101, "NO_orientation:*+NO_y-dimension:*": 0.19923216484896877, "orientation:*+NO_x-dimension:*": -0.1191877166191679, "NO_size:*+NO_orientation:*": 0.31374295932319829, "x-dimension:*": -0.64515949232325909, "orientation:*+NO_type:*": -0.62523451461794555, "type:*+NO_y-dimension:*": 0.44981154064833812, "size:*+NO_type:*": -0.54901911438561213, "colour:*+y-dimension:*": -0.49260615141210728, "type:*+NO_colour:*": -0.52264674288852198, "NO_x-dimension:*+NO_y-dimension:*": 0.54668497214722833, "orientation:*+NO_colour:*": -0.5533017918327372, "x-dimension:*+NO_y-dimension:*": -1.0003248418696928, "NO_type:*+NO_x-dimension:*": -0.62120495979246959, "NO_type:*+NO_size:*": -0.25315390939478138, "NO_size:*+NO_x-dimension:*": 0.29076052696072252, "NO_orientation:*+NO_type:*": 0.049567972874760204, "NO_orientation:*+NO_size:*": 0.29081763360487867, "type:*+NO_x-dimension:*": 0.50934562145157847, "x-dimension:*+y-dimension:*": -0.26832495662026284, "x-dimension:*+orientation:*": -0.27927168667970836, "NO_y-dimension:*+NO_x-dimension:*": 0.049567972874760204, "NO_y-dimension:*+NO_size:*": 0.049567972874760204, "NO_orientation:*+NO_colour:*": 0.049567972874760204, "x-dimension:*+NO_size:*": -0.0089732117126477082, "type:*+NO_size:*": 0.44924984591041772, "type:*+x-dimension:*": -0.5028320830059182, "colour:*+NO_x-dimension:*": 0.51410087037726859, "type:*": 0.70684952726388905, "type:*+NO_orientation:*": 0.45833374485155765, "NO_size:*+NO_colour:*": 0.049567972874760204, "NO_size:*+NO_type:*": 0.049567972874760204, "orientation:*+NO_size:*": -0.55686967913174334, "orientation:*+x-dimension:*": -0.021657318367794082, "colour:*+NO_type:*": -0.84669815666262727, "NO_y-dimension:*+NO_type:*": 0.049567972874760204, "NO_y-dimension:*+NO_colour:*": 0.049567972874760204, "NO_x-dimension:*+NO_type:*": 0.049567972874760204, "x-dimension:*+NO_type:*": -0.20565616727334496, "size:*": -0.68623025801492288, "colour:*+orientation:*": -0.30146455737987676, "y-dimension:*+NO_x-dimension:*": -0.65337052344306967, "size:*+x-dimension:*": -0.33470977125098456, "type:*+size:*": -0.1337439791183597, "NO_colour:*+NO_size:*": -0.11673151377361127, "y-dimension:*+NO_orientation:*": 0.1280982553640623, "size:*+y-dimension:*": -0.34773813122712727, "size:*+NO_y-dimension:*": -0.005512221138966409, "type:*+y-dimension:*": -0.47247032124343818, "colour:*+NO_orientation:*": 0.39375673332551597, "colour:*+NO_y-dimension:*": 0.46623133315569715, "#:1": -0.52506307810511477, "colour:*+type:*": 0.75585679096562219, "x-dimension:*+NO_orientation:*": -0.014708874226546239, "colour:*+x-dimension:*": -0.51706787269783638, "#:4": -0.33842482239993532, "colour:*+NO_size:*": 0.34372268920179505, "NO_y-dimension:*+NO_orientation:*": 0.049567972874760204, "NO_colour:*+NO_type:*": -0.063830258414308727, "colour:*+size:*": -0.14124774658931094}