{"NO_colour:*+NO_y-dimension:*": -0.64621510066616739, "size:*+NO_x-dimension:*": -0.076543633199285546, "orientation:*+size:*": -0.026513658552947812, "orientation:*": -0.67719559798939244, "size:*+NO_orientation:*": -0.4534299596543257, "NO_size:*+NO_y-dimension:*": 0.18061928142933348, "NO_type:*+NO_orientation:*": -0.24884248786505206, "NO_orientation:*+NO_x-dimension:*": 0.45420131015144616, "y-dimension:*+size:*": 0.00055277085618016459, "x-dimension:*+NO_colour:*": -0.12051696473535523, "y-dimension:*+orientation:*": 0.00055277085618016459, "#:2": 0.54813068316640123, "#:3": -0.20608163423783182, "#:0": 0.0014697135908085287, "NO_type:*+NO_y-dimension:*": -0.80570130103535387, "#:6": 0.00070561829863408716, "#:4": -0.31857132433263691, "#:5": 0.0011527322667806395, "type:*+orientation:*": -0.19767723482941521, "colour:*": 0.69223768391104301, "NO_colour:*+NO_orientation:*": -0.13821852647708135, "orientation:*+y-dimension:*": -0.35067124708863928, "y-dimension:*+NO_size:*": 0.11770387030570896, "y-dimension:*+NO_type:*": -0.1766682471023921, "NO_x-dimension:*+NO_orientation:*": -0.22250416899226358, "y-dimension:*": -0.66227648551894436, "size:*+NO_colour:*": -0.54318501461433932, "orientation:*+NO_y-dimension:*": -0.087689601216523388, "size:*+orientation:*": -0.33081505165925901, "NO_colour:*+NO_x-dimension:*": -0.55967711471901183, "x-dimension:*+type:*": 0.00055277085618016459, "NO_orientation:*+NO_y-dimension:*": 0.17873776388578722, "y-dimension:*+colour:*": 0.00055277085618016459, "orientation:*+NO_x-dimension:*": -0.11903456425832566, "NO_size:*+NO_orientation:*": 0.33004934241970707, "x-dimension:*": -0.63222036481791755, "orientation:*+NO_type:*": -0.70045011091180409, "type:*+NO_y-dimension:*": 0.43452117891726266, "size:*+NO_type:*": -0.62262778543207753, "colour:*+y-dimension:*": -0.41496008350973002, "type:*+NO_colour:*": -0.49801127165163683, "NO_x-dimension:*+NO_y-dimension:*": 0.5113781658162494, "orientation:*+NO_colour:*": -0.53887710827802271, "x-dimension:*+NO_y-dimension:*": -0.94858850963574315, "NO_type:*+NO_x-dimension:*": -0.71201265049778228, "NO_type:*+NO_size:*": -0.2567856232440146, "NO_size:*+NO_x-dimension:*": 0.29598516911694223, "y-dimension:*+NO_colour:*": -0.092582687316448795, "colour:*+orientation:*": -0.21614178659028541, "size:*+type:*": 0.00055277085618016459, "NO_orientation:*+NO_size:*": 0.29662499178363483, "type:*+NO_x-dimension:*": 0.49852527244843226, "x-dimension:*+colour:*": 0.00055277085618016459, "x-dimension:*+y-dimension:*": -0.28456363511262234, "x-dimension:*+orientation:*": -0.30124026260736542, "NO_y-dimension:*+NO_x-dimension:*": 0.04971640299239212, "size:*+colour:*": 0.00055277085618016459, "NO_y-dimension:*+NO_size:*": 0.04971640299239212, "NO_orientation:*+NO_colour:*": 0.04971640299239212, "x-dimension:*+NO_size:*": -0.030617944303264599, "type:*+NO_size:*": 0.41583770883340759, "type:*+x-dimension:*": -0.4876914759417591, "NO_size:*+NO_type:*": 0.04971640299239212, "type:*": 0.68605301359023774, "type:*+NO_orientation:*": 0.46270406902293104, "NO_size:*+NO_colour:*": 0.04971640299239212, "y-dimension:*+type:*": 0.00055277085618016459, "colour:*+NO_x-dimension:*": 0.47980251546190111, "orientation:*+NO_size:*": -0.57976906397760053, "orientation:*+x-dimension:*": -0.023596326260002257, "colour:*+NO_type:*": -0.91781258637309082, "NO_y-dimension:*+NO_type:*": 0.04971640299239212, "NO_y-dimension:*+NO_colour:*": 0.04971640299239212, "NO_x-dimension:*+NO_type:*": 0.04971640299239212, "x-dimension:*+NO_type:*": -0.18755978440281354, "size:*": -0.66662779146648532, "NO_orientation:*+NO_type:*": 0.04971640299239212, "y-dimension:*+NO_x-dimension:*": -0.57044011764688363, "size:*+x-dimension:*": -0.31112355363055161, "type:*+size:*": -0.262033260881055, "NO_colour:*+NO_size:*": -0.14641988941270856, "y-dimension:*+NO_orientation:*": 0.17099093052154066, "size:*+y-dimension:*": -0.33282465795394989, "orientation:*+type:*": 0.00055277085618016459, "y-dimension:*+x-dimension:*": 0.00055277085618016459, "size:*+NO_y-dimension:*": -0.10044712241477091, "type:*+y-dimension:*": -0.38143096901598311, "colour:*+NO_orientation:*": 0.39746772100202676, "colour:*+NO_y-dimension:*": 0.4245387853560586, "#:1": -0.52322113858063668, "colour:*+type:*": 0.73020959446478162, "x-dimension:*+NO_orientation:*": -0.018700967731879802, "colour:*+x-dimension:*": -0.50113213346726959, "orientation:*+colour:*": 0.00055277085618016459, "NO_x-dimension:*+NO_colour:*": 0.04971640299239212, "colour:*+NO_size:*": 0.33902278133306418, "NO_y-dimension:*+NO_orientation:*": 0.04971640299239212, "NO_colour:*+NO_type:*": -0.074215100581289301, "colour:*+size:*": -0.28966628095691332}