{"NO_colour:*+NO_y-dimension:*": -0.65182934338442411, "size:*+NO_x-dimension:*": -0.039100797533181381, "orientation:*+size:*": -0.025173949593553846, "orientation:*": -0.65474965908526539, "size:*+NO_orientation:*": -0.42460190536446291, "NO_size:*+NO_y-dimension:*": 0.20100851643996664, "NO_type:*+NO_orientation:*": -0.31186707821796655, "NO_orientation:*+NO_x-dimension:*": 0.45214085498993883, "y-dimension:*+size:*": 9.5078681681151332e-05, "x-dimension:*+NO_colour:*": -0.13988203744069355, "y-dimension:*+orientation:*": 9.5078681681151332e-05, "#:2": 0.6003408003679801, "#:3": -0.25976591827463019, "#:0": 0.0012143256709039156, "NO_type:*+NO_y-dimension:*": -0.72353748354447567, "#:6": 0.00012073329428102351, "#:4": -0.340300956496778, "#:5": 0.0028512034397273965, "type:*+orientation:*": -0.33465841680214059, "colour:*": 0.69348273481076517, "NO_colour:*+NO_orientation:*": -0.15876058630980294, "orientation:*+y-dimension:*": -0.3221614525719857, "y-dimension:*+NO_size:*": 0.075539755209793696, "y-dimension:*+NO_type:*": -0.23564384118869702, "NO_x-dimension:*+NO_orientation:*": -0.29065041745801767, "y-dimension:*": -0.65058710807184605, "size:*+NO_colour:*": -0.58051350502028232, "orientation:*+NO_y-dimension:*": -0.088141399705510312, "size:*+orientation:*": -0.32513451485723988, "NO_colour:*+NO_x-dimension:*": -0.55046110368655976, "x-dimension:*+type:*": 9.5078681681151332e-05, "NO_orientation:*+NO_y-dimension:*": 0.19791872194050378, "y-dimension:*+colour:*": 9.5078681681151332e-05, "orientation:*+NO_x-dimension:*": -0.13439899657830232, "NO_size:*+NO_orientation:*": 0.30635920515202419, "x-dimension:*": -0.64121677412865929, "orientation:*+NO_type:*": -0.5949763450890605, "type:*+NO_y-dimension:*": 0.43737920925689133, "size:*+NO_type:*": -0.49542402671627134, "colour:*+y-dimension:*": -0.43116490406684949, "type:*+NO_colour:*": -0.4078848286963237, "NO_x-dimension:*+NO_y-dimension:*": 0.53742122816590521, "orientation:*+NO_colour:*": -0.52310670981694762, "x-dimension:*+NO_y-dimension:*": -0.97601692710420318, "NO_type:*+NO_x-dimension:*": -0.67704402275035913, "NO_type:*+NO_size:*": -0.36112792590447135, "NO_size:*+NO_x-dimension:*": 0.30544453131253146, "y-dimension:*+NO_colour:*": -0.10035896416395346, "colour:*+orientation:*": -0.36643392005991371, "size:*+type:*": 9.5078681681151332e-05, "NO_orientation:*+NO_size:*": 0.29510875583853963, "type:*+NO_x-dimension:*": 0.51252515481944716, "x-dimension:*+colour:*": 9.5078681681151332e-05, "x-dimension:*+y-dimension:*": -0.28715192303358, "x-dimension:*+orientation:*": -0.27341600139343186, "NO_y-dimension:*+NO_x-dimension:*": 0.049161685024492099, "size:*+colour:*": 9.5078681681151332e-05, "NO_y-dimension:*+NO_size:*": 0.049161685024492099, "NO_orientation:*+NO_colour:*": 0.049161685024492099, "x-dimension:*+NO_size:*": -0.042467563527561661, "type:*+NO_size:*": 0.48201224366172307, "type:*+x-dimension:*": -0.46318675464729536, "NO_size:*+NO_type:*": 0.049161685024492099, "type:*": 0.69010796756947823, "type:*+NO_orientation:*": 0.48978261071792906, "NO_size:*+NO_colour:*": 0.049161685024492099, "y-dimension:*+type:*": 9.5078681681151332e-05, "colour:*+NO_x-dimension:*": 0.49964415987914018, "orientation:*+NO_size:*": -0.56602883112947044, "orientation:*+x-dimension:*": -0.022869588032720455, "colour:*+NO_type:*": -0.78567975504120025, "NO_y-dimension:*+NO_type:*": 0.049161685024492099, "NO_y-dimension:*+NO_colour:*": 0.049161685024492099, "NO_x-dimension:*+NO_type:*": 0.049161685024492099, "x-dimension:*+NO_type:*": -0.25468364635558244, "size:*": -0.66933854912245094, "NO_orientation:*+NO_type:*": 0.049161685024492099, "y-dimension:*+NO_x-dimension:*": -0.63390981524833956, "size:*+x-dimension:*": -0.32342099546934189, "type:*+size:*": -0.20212397255528541, "NO_colour:*+NO_size:*": -0.14104235830456779, "y-dimension:*+NO_orientation:*": 0.13159125203904412, "size:*+y-dimension:*": -0.34609584362313628, "orientation:*+type:*": 9.5078681681151332e-05, "y-dimension:*+x-dimension:*": 9.5078681681151332e-05, "size:*+NO_y-dimension:*": -0.061413533308018263, "type:*+y-dimension:*": -0.37897834188675106, "colour:*+NO_orientation:*": 0.40209512095842864, "colour:*+NO_y-dimension:*": 0.44406730935683486, "#:1": -0.52497837571394701, "colour:*+type:*": 0.73549749084084337, "x-dimension:*+NO_orientation:*": -0.025629387834723977, "colour:*+x-dimension:*": -0.49396347876854396, "orientation:*+colour:*": 9.5078681681151332e-05, "NO_x-dimension:*+NO_colour:*": 0.049161685024492099, "colour:*+NO_size:*": 0.35144499080976066, "NO_y-dimension:*+NO_orientation:*": 0.049161685024492099, "NO_colour:*+NO_type:*": -0.13606217609481747, "colour:*+size:*": -0.21491350506733783}