{"NO_colour:*+NO_y-dimension:*": -0.62197047670775663, "size:*+NO_x-dimension:*": -0.054127168375204364, "orientation:*+size:*": -0.022383696581074652, "orientation:*": -0.68916900240958034, "size:*+NO_orientation:*": -0.46769369930770371, "NO_size:*+NO_y-dimension:*": 0.19416149074305733, "NO_type:*+NO_orientation:*": -0.22757074710884653, "NO_orientation:*+NO_x-dimension:*": 0.44600334372061062, "y-dimension:*+size:*": 0.00087208515301904902, "x-dimension:*+NO_colour:*": -0.13800096509486456, "y-dimension:*+orientation:*": 0.00087208515301904902, "#:2": 0.53193170013346214, "#:3": -0.20931889803146866, "NO_type:*+NO_y-dimension:*": -0.7410007185075369, "#:6": 0.0012077916021827687, "#:4": -0.30370389674415477, "#:5": 0.0010685748595697197, "type:*+orientation:*": -0.15165223098151326, "colour:*": 0.70517782413569807, "NO_colour:*+NO_orientation:*": -0.13771981740244618, "orientation:*+y-dimension:*": -0.3577257412337207, "y-dimension:*+NO_size:*": 0.11727839263716647, "y-dimension:*+NO_type:*": -0.16861968167686398, "NO_x-dimension:*+NO_orientation:*": -0.29047575519472441, "y-dimension:*": -0.66094651459698406, "size:*+NO_colour:*": -0.51801271620505851, "orientation:*+NO_y-dimension:*": -0.022915819596403361, "size:*+orientation:*": -0.30541293196378488, "NO_colour:*+NO_x-dimension:*": -0.51696537267368059, "x-dimension:*+type:*": 0.00087208515301904902, "NO_orientation:*+NO_y-dimension:*": 0.18381125636902276, "y-dimension:*+colour:*": 0.00087208515301904902, "orientation:*+NO_x-dimension:*": -0.065457325904051164, "NO_size:*+NO_orientation:*": 0.32390381992583372, "x-dimension:*": -0.66811974670022678, "orientation:*+NO_type:*": -0.65402928605449862, "type:*+NO_y-dimension:*": 0.45904771951075063, "size:*+NO_type:*": -0.51674727741494464, "colour:*+y-dimension:*": -0.44877892827367927, "type:*+NO_colour:*": -0.52284635620830278, "NO_x-dimension:*+NO_y-dimension:*": 0.54272406145441709, "orientation:*+NO_colour:*": -0.53643758828482946, "x-dimension:*+NO_y-dimension:*": -0.94873768661007751, "NO_type:*+NO_x-dimension:*": -0.63821521139435478, "NO_type:*+NO_size:*": -0.26599031536844991, "NO_size:*+NO_x-dimension:*": 0.26375845039615869, "y-dimension:*+NO_colour:*": -0.093988985203421374, "colour:*+orientation:*": -0.15744782779388483, "size:*+type:*": 0.00087208515301904902, "NO_orientation:*+NO_size:*": 0.3057124765831839, "type:*+NO_x-dimension:*": 0.52620729796577936, "x-dimension:*+colour:*": 0.00087208515301904902, "x-dimension:*+y-dimension:*": -0.29694231039482238, "x-dimension:*+orientation:*": -0.34276871749890325, "size:*+colour:*": 0.00087208515301904902, "x-dimension:*+NO_size:*": 0.052684307855279548, "type:*+NO_size:*": 0.42666098245022854, "type:*+x-dimension:*": -0.34665391970983833, "type:*": 0.70197272781402864, "type:*+NO_orientation:*": 0.45797564802897966, "y-dimension:*+type:*": 0.00087208515301904902, "colour:*+NO_x-dimension:*": 0.50053915284889738, "orientation:*+NO_size:*": -0.55193411749626753, "orientation:*+x-dimension:*": -0.023221700745836536, "colour:*+NO_type:*": -0.8242890387012175, "x-dimension:*+NO_type:*": -0.20252687142607934, "size:*": -0.65782245991936117, "y-dimension:*+NO_x-dimension:*": -0.60593276288253561, "size:*+x-dimension:*": -0.2977072681335064, "type:*+size:*": -0.44175261682360589, "NO_colour:*+NO_size:*": -0.13277872682755271, "y-dimension:*+NO_orientation:*": 0.14289749127243928, "size:*+y-dimension:*": -0.28855268495410213, "orientation:*+type:*": 0.00087208515301904902, "y-dimension:*+x-dimension:*": 0.00087208515301904902, "size:*+NO_y-dimension:*": -0.072763303984216099, "type:*+y-dimension:*": -0.41914224188784771, "colour:*+NO_orientation:*": 0.39499471781670925, "colour:*+NO_y-dimension:*": 0.44592355911654863, "#:1": -0.52780937346176071, "colour:*+type:*": 0.74835651192154029, "x-dimension:*+NO_orientation:*": 0.031042915626440563, "colour:*+x-dimension:*": -0.3752563823964154, "orientation:*+colour:*": 0.00087208515301904902, "colour:*+NO_size:*": 0.34526877004646234, "NO_colour:*+NO_type:*": -0.082118914709570778, "colour:*+size:*": -0.47388887971764321}